GCF_000011745.1	NC_007292.1
GCF_000093065.1	NC_014109.1
GCF_000164865.1	NC_014618.1
GCF_000185985.2	NC_014909.2
GCF_000219175.1	NC_015735.1
GCF_000331065.1	NC_020075.1
GCF_000364725.1	NC_021057.1
GCF_000757825.1	NZ_CP009451.1
GCF_000758305.1	NZ_CP009458.1
GCF_000758325.1	NZ_CP009459.1
GCF_000783755.2	NZ_CP026056.1
GCF_000828515.1	NZ_AP010872.1
GCF_000828815.1	NZ_AP014521.1
GCF_000973505.1	NZ_CP010048.1
GCF_000973545.1	NZ_CP010049.1
GCF_000981805.1	NZ_CP011132.1
GCF_001022155.1	NZ_CP011612.1
GCF_001022275.1	NZ_CP011657.1
GCF_001242845.1	NZ_LN774881.1
GCF_001461805.1	NZ_CP012871.1
GCF_001558935.2	NZ_CP014070.2
GCF_001559075.2	NZ_CP014015.2
GCF_001702455.1	NZ_CP016762.1
GCF_001718055.1	NZ_CP016952.1
GCF_002208845.2	NZ_CP022049.2
GCF_002211705.1	NZ_CP022151.1
GCF_002215385.1	NZ_CP022273.1
GCF_002249995.1	NZ_CP022695.1
GCF_002285855.1	NZ_CP016303.1
GCF_002393445.1	NZ_CP023525.1
GCF_002796505.1	NZ_CP024881.1
GCF_003391335.1	NZ_CP028374.1
GCF_003571565.1	NZ_CP032184.1
GCF_003665535.1	NZ_CP024673.1
GCF_003665595.1	NZ_CP024679.1
GCF_003665615.1	NZ_CP024680.1
GCF_003665635.1	NZ_CP024683.1
GCF_003665655.1	NZ_CP024672.1
GCF_003665675.1	NZ_CP024677.1
GCF_003675305.1	NZ_CP033076.1
GCF_003812325.1	NZ_CP033742.1
GCF_003812345.1	NZ_CP033744.1
GCF_004103775.1	NZ_CP035276.1
GCF_004344985.1	NZ_CP037734.1
GCF_004353845.1	NZ_CP037864.1
GCF_005960425.1	NZ_CP040698.1
GCF_006965505.1	NZ_CP041362.1
GCF_008064855.1	NZ_CP042941.1
GCF_008931485.1	NZ_CP042478.1
GCF_008931505.1	NZ_CP042517.1
