Assembly Accession	Organism Name
GCF_001461805.1	[Enterobacter] lignolyticus
GCF_000164865.1	[Enterobacter] lignolyticus SCF1
GCF_016027855.1	Atlantibacter hermannii
GCF_008064855.1	Atlantibacter hermannii
GCF_011068345.1	Atlantibacter hermannii
GCF_030166395.1	Atlantibacter hermannii
GCF_040369615.1	Atlantibacter hermannii
GCF_056897655.1	Atlantibacter hermannii
GCF_056155425.1	Atlantibacter sp. MEI4A-1023
GCF_024224615.1	Atlantibacter subterraneus
GCF_000973545.1	Blochmannia endosymbiont of Camponotus (Colobopsis) obliquus
GCF_023585785.1	Blochmannia endosymbiont of Camponotus modoc
GCF_023585885.1	Blochmannia endosymbiont of Camponotus modoc
GCF_023586245.1	Blochmannia endosymbiont of Camponotus modoc
GCF_009827135.1	Blochmannia endosymbiont of Camponotus nipponensis
GCF_059934925.1	Blochmannia endosymbiont of Camponotus pudorosus
GCF_059935335.1	Blochmannia endosymbiont of Camponotus quercicola
GCF_023585765.1	Blochmannia endosymbiont of Camponotus sp.
GCF_023585705.1	Blochmannia endosymbiont of Camponotus sp.
GCF_023585905.1	Blochmannia endosymbiont of Camponotus sp.
GCF_023586085.1	Blochmannia endosymbiont of Camponotus sp.
GCF_023586365.1	Blochmannia endosymbiont of Camponotus sp.
GCF_023585685.1	Blochmannia endosymbiont of Camponotus sp. C-003
GCF_023585865.1	Blochmannia endosymbiont of Camponotus sp. C-046
GCF_014857065.1	Blochmannia endosymbiont of Colobopsis nipponica
GCF_000973505.1	Blochmannia endosymbiont of Polyrhachis (Hedomyrma) turneri
GCF_013234275.1	Buttiauxella agrestis
GCF_022637515.1	Buttiauxella ferragutiae
GCF_031432975.1	Buttiauxella selenatireducens
GCF_003675305.1	Buttiauxella sp. 3AFRM03
GCF_027594725.1	Buttiauxella sp. WJP83
GCF_020541245.1	Candidatus Annandia pinicola
GCF_059934915.1	Candidatus Blochmannia americanus (nom. nud.)
GCF_023585745.1	Candidatus Blochmannia ocreatus (nom. nud.)
GCF_059935345.1	Candidatus Blochmannia sansabeanus (nom. nud.)
GCF_059935855.1	Candidatus Blochmannia sayi (nom. nud.)
GCF_036549215.1	Candidatus Blochmannia sp. SNP
GCF_023585845.1	Candidatus Blochmannia vicinus (nom. nud.)
GCF_023585925.1	Candidatus Blochmannia vicinus (nom. nud.)
GCF_023586525.1	Candidatus Blochmannia vicinus (nom. nud.)
GCF_023585725.1	Candidatus Blochmanniella camponoti
GCF_023585805.1	Candidatus Blochmanniella camponoti
GCF_023585825.1	Candidatus Blochmanniella camponoti
GCF_000331065.1	Candidatus Blochmanniella chromaiodes str. 640
GCF_023016305.1	Candidatus Blochmanniella pennsylvanica
GCF_000011745.1	Candidatus Blochmanniella pennsylvanica str. BPEN
GCF_000185985.2	Candidatus Blochmanniella vafra str. BVAF
GCF_964275155.1	Candidatus Curculioniphilus buchneri endosymbiont of Curculio glandium
GCF_900039485.1	Candidatus Doolittlea endobia
GCF_020541285.1	Candidatus Gillettellia adelgis
GCF_900048035.1	Candidatus Gullanella endobia
GCF_002285855.1	Candidatus Hamiltonella defensa (Bemisia tabaci)
GCF_900044015.1	Candidatus Hoaglandella endobia
GCF_000828515.1	Candidatus Ishikawaella capsulata Mpkobe
GCF_900048045.1	Candidatus Mikella endobia
GCF_000219175.1	Candidatus Moranella endobia PCIT
GCF_000364725.1	Candidatus Moranella endobia PCVAL
GCF_020541265.1	Candidatus Profftia lariciata
GCF_020342455.1	Candidatus Profftia sp. (ex Adelges kitamiensis)
GCF_904848675.1	Candidatus Profftia tarda
GCF_029910555.1	Candidatus Psyllophila symbiotica
GCF_029910575.1	Candidatus Psyllophila symbiotica
GCF_003391335.1	Candidatus Purcelliella pentastirinorum
GCF_028748785.1	Candidatus Purcelliella pentastirinorum
GCF_028748805.1	Candidatus Purcelliella pentastirinorum
GCF_028856405.1	Candidatus Purcelliella pentastirinorum
GCF_028856425.1	Candidatus Purcelliella pentastirinorum
GCF_964020115.1	Candidatus Regiella endosymbiont of Tuberolachnus salignus
GCF_014879315.1	Candidatus Riesia pediculicola
GCF_000093065.1	Candidatus Riesia pediculicola USDA
GCF_019923565.1	Candidatus Schneideria nysicola
GCF_019923545.1	Candidatus Schneideria nysicola
GCF_019923585.1	Candidatus Schneideria nysicola
GCF_000828815.1	Candidatus Tachikawaea gelatinosa
GCF_001242845.1	Candidatus Westeberhardia cardiocondylae
GCF_964019775.1	Candidatus Williamhamiltonella endosymbiont of Tuberolachnus salignus
GCF_044095835.1	Cedecea davisae
GCF_900635955.1	Cedecea lapagei
GCF_002393445.1	Cedecea neteri
GCF_000757825.1	Cedecea neteri
GCF_000758305.1	Cedecea neteri
GCF_000758325.1	Cedecea neteri
GCF_031883855.1	Cedecea neteri
GCF_034258575.1	Cedecea neteri
GCF_020099335.1	Citrobacter amalonaticus
GCF_001558935.2	Citrobacter amalonaticus
GCF_001559075.2	Citrobacter amalonaticus
GCF_006965505.1	Citrobacter amalonaticus
GCF_015353115.1	Citrobacter amalonaticus
GCF_018323885.1	Citrobacter amalonaticus
GCF_019645955.1	Citrobacter amalonaticus
GCF_025723225.1	Citrobacter amalonaticus
GCF_033726075.1	Citrobacter amalonaticus
GCF_043509935.1	Citrobacter amalonaticus
GCF_044537545.1	Citrobacter amalonaticus
GCF_046479805.2	Citrobacter amalonaticus
GCF_900079785.1	Citrobacter amalonaticus
GCF_900079795.1	Citrobacter amalonaticus
GCF_000981805.1	Citrobacter amalonaticus Y19
GCF_004353845.1	Citrobacter arsenatis
GCF_009648935.1	Citrobacter braakii
GCF_002208845.2	Citrobacter braakii
GCF_016505445.2	Citrobacter braakii
GCF_019048045.1	Citrobacter braakii
GCF_019048805.1	Citrobacter braakii
GCF_019502645.1	Citrobacter braakii
GCF_024347735.1	Citrobacter braakii
GCF_026626145.1	Citrobacter braakii
GCF_029001825.1	Citrobacter braakii
GCF_029634665.1	Citrobacter braakii
GCF_029715665.1	Citrobacter braakii
GCF_029716315.1	Citrobacter braakii
GCF_029716485.1	Citrobacter braakii
GCF_029716845.1	Citrobacter braakii
GCF_029717445.1	Citrobacter braakii
GCF_029717465.1	Citrobacter braakii
GCF_029717665.1	Citrobacter braakii
GCF_029717885.1	Citrobacter braakii
GCF_029717925.1	Citrobacter braakii
GCF_029717945.1	Citrobacter braakii
GCF_029718275.1	Citrobacter braakii
GCF_029718295.1	Citrobacter braakii
GCF_029718425.1	Citrobacter braakii
GCF_029718465.1	Citrobacter braakii
GCF_029718585.1	Citrobacter braakii
GCF_029719125.1	Citrobacter braakii
GCF_029719805.1	Citrobacter braakii
GCF_030166475.1	Citrobacter braakii
GCF_032935635.1	Citrobacter braakii
GCF_036289025.1	Citrobacter braakii
GCF_037477975.1	Citrobacter braakii
GCF_041319725.1	Citrobacter braakii
GCF_041319885.1	Citrobacter braakii
GCF_041858995.2	Citrobacter braakii
GCF_046272115.1	Citrobacter braakii
GCF_048296775.1	Citrobacter braakii
GCF_048388425.1	Citrobacter braakii
GCF_048572785.1	Citrobacter braakii
GCF_049803965.1	Citrobacter braakii
GCF_052491995.1	Citrobacter braakii
GCF_054977405.1	Citrobacter braakii
GCF_056113725.1	Citrobacter braakii
GCF_056113815.1	Citrobacter braakii
GCF_056521565.1	Citrobacter braakii
GCF_059232575.1	Citrobacter braakii
GCF_059553175.1	Citrobacter braakii
GCF_059553295.1	Citrobacter braakii
GCF_022558585.1	Citrobacter cronae
GCF_041319875.1	Citrobacter cronae
GCF_041319905.1	Citrobacter cronae
GCF_041319925.1	Citrobacter cronae
GCF_041319935.1	Citrobacter cronae
GCF_029338175.1	Citrobacter enshiensis
GCF_037482245.1	Citrobacter europaeus
GCF_051147885.1	Citrobacter europaeus
GCF_055901195.2	Citrobacter europaeus
GCF_019048065.1	Citrobacter farmeri
GCF_002249995.1	Citrobacter farmeri
GCF_019803045.1	Citrobacter farmeri
GCF_050177625.1	Citrobacter farmeri
GCF_057960995.1	Citrobacter farmeri
GCF_057962535.1	Citrobacter farmeri
GCF_059692535.1	Citrobacter farmeri
GCF_904859905.1	Citrobacter freundii
GCF_000783755.2	Citrobacter freundii
GCF_001022155.1	Citrobacter freundii
GCF_001022275.1	Citrobacter freundii
GCF_001702455.1	Citrobacter freundii
GCF_001718055.1	Citrobacter freundii
GCF_002211705.1	Citrobacter freundii
GCF_002215385.1	Citrobacter freundii
GCF_002796505.1	Citrobacter freundii
GCF_003571565.1	Citrobacter freundii
GCF_003665535.1	Citrobacter freundii
GCF_003665595.1	Citrobacter freundii
GCF_003665615.1	Citrobacter freundii
GCF_003665635.1	Citrobacter freundii
GCF_003665655.1	Citrobacter freundii
GCF_003665675.1	Citrobacter freundii
GCF_003812325.1	Citrobacter freundii
GCF_003812345.1	Citrobacter freundii
GCF_004103775.1	Citrobacter freundii
GCF_004344985.1	Citrobacter freundii
GCF_005960425.1	Citrobacter freundii
GCF_008931485.1	Citrobacter freundii
GCF_008931505.1	Citrobacter freundii
GCF_008931625.1	Citrobacter freundii
GCF_008931685.1	Citrobacter freundii
GCF_009664025.1	Citrobacter freundii
GCF_009664045.1	Citrobacter freundii
GCF_009664065.1	Citrobacter freundii
GCF_009857035.1	Citrobacter freundii
GCF_010365585.1	Citrobacter freundii
GCF_013085885.1	Citrobacter freundii
GCF_013371705.1	Citrobacter freundii
GCF_013389635.1	Citrobacter freundii
GCF_013390245.1	Citrobacter freundii
GCF_013589875.1	Citrobacter freundii
GCF_013590555.1	Citrobacter freundii
GCF_013604545.1	Citrobacter freundii
GCF_013724765.1	Citrobacter freundii
GCF_013725165.1	Citrobacter freundii
GCF_013725595.1	Citrobacter freundii
GCF_013726615.1	Citrobacter freundii
GCF_013727455.1	Citrobacter freundii
GCF_013731955.1	Citrobacter freundii
GCF_013738635.1	Citrobacter freundii
GCF_013739375.1	Citrobacter freundii
GCF_013741395.1	Citrobacter freundii
GCF_013743055.1	Citrobacter freundii
GCF_013748235.1	Citrobacter freundii
GCF_013748855.1	Citrobacter freundii
GCF_013749535.1	Citrobacter freundii
GCF_013751655.1	Citrobacter freundii
GCF_013751895.1	Citrobacter freundii
GCF_013781965.1	Citrobacter freundii
GCF_013782845.1	Citrobacter freundii
GCF_013784645.1	Citrobacter freundii
GCF_013786145.1	Citrobacter freundii
GCF_013786565.1	Citrobacter freundii
GCF_013790265.1	Citrobacter freundii
GCF_013791065.1	Citrobacter freundii
GCF_013791615.1	Citrobacter freundii
GCF_013792365.1	Citrobacter freundii
GCF_013874155.1	Citrobacter freundii
GCF_013899365.1	Citrobacter freundii
GCF_014169975.1	Citrobacter freundii
GCF_014170055.1	Citrobacter freundii
GCF_014189285.1	Citrobacter freundii
GCF_014189355.1	Citrobacter freundii
GCF_014189375.1	Citrobacter freundii
GCF_014725915.1	Citrobacter freundii
GCF_015929785.1	Citrobacter freundii
GCF_016505285.2	Citrobacter freundii
GCF_016939595.1	Citrobacter freundii
GCF_016939615.1	Citrobacter freundii
GCF_016939655.1	Citrobacter freundii
GCF_017086505.1	Citrobacter freundii
GCF_020470145.1	Citrobacter freundii
GCF_020575245.1	Citrobacter freundii
GCF_020575305.1	Citrobacter freundii
GCF_020695525.1	Citrobacter freundii
GCF_020809005.1	Citrobacter freundii
GCF_021221145.1	Citrobacter freundii
GCF_022430505.1	Citrobacter freundii
GCF_022646275.1	Citrobacter freundii
GCF_023102135.1	Citrobacter freundii
GCF_023203375.1	Citrobacter freundii
GCF_023330605.1	Citrobacter freundii
GCF_023374915.1	Citrobacter freundii
GCF_023612475.1	Citrobacter freundii
GCF_023615325.1	Citrobacter freundii
GCF_023658085.1	Citrobacter freundii
GCF_023756145.1	Citrobacter freundii
GCF_024131185.1	Citrobacter freundii
GCF_024210715.1	Citrobacter freundii
GCF_024800305.1	Citrobacter freundii
GCF_025999575.1	Citrobacter freundii
GCF_026240835.1	Citrobacter freundii
GCF_026240855.1	Citrobacter freundii
GCF_026240875.1	Citrobacter freundii
GCF_026526975.1	Citrobacter freundii
GCF_027271215.1	Citrobacter freundii
GCF_027595105.3	Citrobacter freundii
GCF_029716005.1	Citrobacter freundii
GCF_029717865.1	Citrobacter freundii
GCF_029717985.1	Citrobacter freundii
GCF_029718045.1	Citrobacter freundii
GCF_029719365.1	Citrobacter freundii
GCF_029719765.1	Citrobacter freundii
GCF_030007575.1	Citrobacter freundii
GCF_030007795.1	Citrobacter freundii
GCF_030035205.1	Citrobacter freundii
GCF_030064365.1	Citrobacter freundii
GCF_030122475.1	Citrobacter freundii
GCF_030122495.1	Citrobacter freundii
GCF_030177735.1	Citrobacter freundii
GCF_031432815.1	Citrobacter freundii
GCF_032345935.1	Citrobacter freundii
GCF_032346775.2	Citrobacter freundii
GCF_032347795.1	Citrobacter freundii
GCF_032375065.1	Citrobacter freundii
GCF_032464395.1	Citrobacter freundii
GCF_032818495.1	Citrobacter freundii
GCF_033157475.1	Citrobacter freundii
GCF_033160275.1	Citrobacter freundii
GCF_033162755.1	Citrobacter freundii
GCF_033164915.1	Citrobacter freundii
GCF_033398815.1	Citrobacter freundii
GCF_033399635.1	Citrobacter freundii
GCF_034377565.1	Citrobacter freundii
GCF_034422555.1	Citrobacter freundii
GCF_035620115.1	Citrobacter freundii
GCF_036287605.1	Citrobacter freundii
GCF_036289085.1	Citrobacter freundii
GCF_036289105.1	Citrobacter freundii
GCF_036289145.1	Citrobacter freundii
GCF_036289185.1	Citrobacter freundii
GCF_036289205.1	Citrobacter freundii
GCF_036289225.1	Citrobacter freundii
