Assembly_Accession	Genome_File	Source	Retrieval_Date
GCF_000011745.1	data/genomes/GCF_000011745.1.fna	NCBI RefSeq	2026-10-06
GCF_000093065.1	data/genomes/GCF_000093065.1.fna	NCBI RefSeq	2026-10-06
GCF_000164865.1	data/genomes/GCF_000164865.1.fna	NCBI RefSeq	2026-10-06
GCF_000185985.2	data/genomes/GCF_000185985.2.fna	NCBI RefSeq	2026-10-06
GCF_000219175.1	data/genomes/GCF_000219175.1.fna	NCBI RefSeq	2026-10-06
GCF_000331065.1	data/genomes/GCF_000331065.1.fna	NCBI RefSeq	2026-10-06
GCF_000364725.1	data/genomes/GCF_000364725.1.fna	NCBI RefSeq	2026-10-06
GCF_000757825.1	data/genomes/GCF_000757825.1.fna	NCBI RefSeq	2026-10-06
GCF_000758305.1	data/genomes/GCF_000758305.1.fna	NCBI RefSeq	2026-10-06
GCF_000758325.1	data/genomes/GCF_000758325.1.fna	NCBI RefSeq	2026-10-06
GCF_000783755.2	data/genomes/GCF_000783755.2.fna	NCBI RefSeq	2026-10-06
GCF_000828515.1	data/genomes/GCF_000828515.1.fna	NCBI RefSeq	2026-10-06
GCF_000828815.1	data/genomes/GCF_000828815.1.fna	NCBI RefSeq	2026-10-06
GCF_000973505.1	data/genomes/GCF_000973505.1.fna	NCBI RefSeq	2026-10-06
GCF_000973545.1	data/genomes/GCF_000973545.1.fna	NCBI RefSeq	2026-10-06
GCF_000981805.1	data/genomes/GCF_000981805.1.fna	NCBI RefSeq	2026-10-06
GCF_001022155.1	data/genomes/GCF_001022155.1.fna	NCBI RefSeq	2026-10-06
GCF_001022275.1	data/genomes/GCF_001022275.1.fna	NCBI RefSeq	2026-10-06
GCF_001242845.1	data/genomes/GCF_001242845.1.fna	NCBI RefSeq	2026-10-06
GCF_001461805.1	data/genomes/GCF_001461805.1.fna	NCBI RefSeq	2026-10-06
GCF_001558935.2	data/genomes/GCF_001558935.2.fna	NCBI RefSeq	2026-10-06
GCF_001559075.2	data/genomes/GCF_001559075.2.fna	NCBI RefSeq	2026-10-06
GCF_001702455.1	data/genomes/GCF_001702455.1.fna	NCBI RefSeq	2026-10-06
GCF_001718055.1	data/genomes/GCF_001718055.1.fna	NCBI RefSeq	2026-10-06
GCF_002208845.2	data/genomes/GCF_002208845.2.fna	NCBI RefSeq	2026-10-06
GCF_002211705.1	data/genomes/GCF_002211705.1.fna	NCBI RefSeq	2026-10-06
GCF_002215385.1	data/genomes/GCF_002215385.1.fna	NCBI RefSeq	2026-10-06
GCF_002249995.1	data/genomes/GCF_002249995.1.fna	NCBI RefSeq	2026-10-06
GCF_002285855.1	data/genomes/GCF_002285855.1.fna	NCBI RefSeq	2026-10-06
GCF_002393445.1	data/genomes/GCF_002393445.1.fna	NCBI RefSeq	2026-10-06
GCF_002796505.1	data/genomes/GCF_002796505.1.fna	NCBI RefSeq	2026-10-06
GCF_003391335.1	data/genomes/GCF_003391335.1.fna	NCBI RefSeq	2026-10-06
GCF_003571565.1	data/genomes/GCF_003571565.1.fna	NCBI RefSeq	2026-10-06
GCF_003665535.1	data/genomes/GCF_003665535.1.fna	NCBI RefSeq	2026-10-06
GCF_003665595.1	data/genomes/GCF_003665595.1.fna	NCBI RefSeq	2026-10-06
GCF_003665615.1	data/genomes/GCF_003665615.1.fna	NCBI RefSeq	2026-10-06
GCF_003665635.1	data/genomes/GCF_003665635.1.fna	NCBI RefSeq	2026-10-06
GCF_003665655.1	data/genomes/GCF_003665655.1.fna	NCBI RefSeq	2026-10-06
GCF_003665675.1	data/genomes/GCF_003665675.1.fna	NCBI RefSeq	2026-10-06
GCF_003675305.1	data/genomes/GCF_003675305.1.fna	NCBI RefSeq	2026-10-06
GCF_003812325.1	data/genomes/GCF_003812325.1.fna	NCBI RefSeq	2026-10-06
GCF_003812345.1	data/genomes/GCF_003812345.1.fna	NCBI RefSeq	2026-10-06
GCF_004103775.1	data/genomes/GCF_004103775.1.fna	NCBI RefSeq	2026-10-06
GCF_004344985.1	data/genomes/GCF_004344985.1.fna	NCBI RefSeq	2026-10-06
GCF_004353845.1	data/genomes/GCF_004353845.1.fna	NCBI RefSeq	2026-10-06
GCF_005960425.1	data/genomes/GCF_005960425.1.fna	NCBI RefSeq	2026-10-06
GCF_006965505.1	data/genomes/GCF_006965505.1.fna	NCBI RefSeq	2026-10-06
GCF_008064855.1	data/genomes/GCF_008064855.1.fna	NCBI RefSeq	2026-10-06
GCF_008931485.1	data/genomes/GCF_008931485.1.fna	NCBI RefSeq	2026-10-06
GCF_008931505.1	data/genomes/GCF_008931505.1.fna	NCBI RefSeq	2026-10-06
GCF_008931625.1	data/genomes/GCF_008931625.1.fna	NCBI RefSeq	2026-10-06
GCF_008931685.1	data/genomes/GCF_008931685.1.fna	NCBI RefSeq	2026-10-06
GCF_009648935.1	data/genomes/GCF_009648935.1.fna	NCBI RefSeq	2026-10-06
GCF_009664025.1	data/genomes/GCF_009664025.1.fna	NCBI RefSeq	2026-10-06
GCF_009664045.1	data/genomes/GCF_009664045.1.fna	NCBI RefSeq	2026-10-06
GCF_009664065.1	data/genomes/GCF_009664065.1.fna	NCBI RefSeq	2026-10-06
GCF_009827135.1	data/genomes/GCF_009827135.1.fna	NCBI RefSeq	2026-10-06
GCF_009857035.1	data/genomes/GCF_009857035.1.fna	NCBI RefSeq	2026-10-06
GCF_010365585.1	data/genomes/GCF_010365585.1.fna	NCBI RefSeq	2026-10-06
GCF_011068345.1	data/genomes/GCF_011068345.1.fna	NCBI RefSeq	2026-10-06
GCF_013085885.1	data/genomes/GCF_013085885.1.fna	NCBI RefSeq	2026-10-06
GCF_013234275.1	data/genomes/GCF_013234275.1.fna	NCBI RefSeq	2026-10-06
GCF_013371705.1	data/genomes/GCF_013371705.1.fna	NCBI RefSeq	2026-10-06
GCF_013389635.1	data/genomes/GCF_013389635.1.fna	NCBI RefSeq	2026-10-06
GCF_013390245.1	data/genomes/GCF_013390245.1.fna	NCBI RefSeq	2026-10-06
GCF_013589875.1	data/genomes/GCF_013589875.1.fna	NCBI RefSeq	2026-10-06
GCF_013590555.1	data/genomes/GCF_013590555.1.fna	NCBI RefSeq	2026-10-06
GCF_013604545.1	data/genomes/GCF_013604545.1.fna	NCBI RefSeq	2026-10-06
GCF_013724765.1	data/genomes/GCF_013724765.1.fna	NCBI RefSeq	2026-10-06
GCF_013725165.1	data/genomes/GCF_013725165.1.fna	NCBI RefSeq	2026-10-06
GCF_013725595.1	data/genomes/GCF_013725595.1.fna	NCBI RefSeq	2026-10-06
GCF_013726615.1	data/genomes/GCF_013726615.1.fna	NCBI RefSeq	2026-10-06
GCF_013727455.1	data/genomes/GCF_013727455.1.fna	NCBI RefSeq	2026-10-06
GCF_013731955.1	data/genomes/GCF_013731955.1.fna	NCBI RefSeq	2026-10-06
GCF_013738635.1	data/genomes/GCF_013738635.1.fna	NCBI RefSeq	2026-10-06
GCF_013739375.1	data/genomes/GCF_013739375.1.fna	NCBI RefSeq	2026-10-06
GCF_013741395.1	data/genomes/GCF_013741395.1.fna	NCBI RefSeq	2026-10-06
GCF_013743055.1	data/genomes/GCF_013743055.1.fna	NCBI RefSeq	2026-10-06
GCF_013748235.1	data/genomes/GCF_013748235.1.fna	NCBI RefSeq	2026-10-06
GCF_013748855.1	data/genomes/GCF_013748855.1.fna	NCBI RefSeq	2026-10-06
GCF_013749535.1	data/genomes/GCF_013749535.1.fna	NCBI RefSeq	2026-10-06
GCF_013751655.1	data/genomes/GCF_013751655.1.fna	NCBI RefSeq	2026-10-06
GCF_013751895.1	data/genomes/GCF_013751895.1.fna	NCBI RefSeq	2026-10-06
GCF_013781965.1	data/genomes/GCF_013781965.1.fna	NCBI RefSeq	2026-10-06
GCF_013782845.1	data/genomes/GCF_013782845.1.fna	NCBI RefSeq	2026-10-06
GCF_013784645.1	data/genomes/GCF_013784645.1.fna	NCBI RefSeq	2026-10-06
GCF_013786145.1	data/genomes/GCF_013786145.1.fna	NCBI RefSeq	2026-10-06
GCF_013786565.1	data/genomes/GCF_013786565.1.fna	NCBI RefSeq	2026-10-06
GCF_013790265.1	data/genomes/GCF_013790265.1.fna	NCBI RefSeq	2026-10-06
GCF_013791065.1	data/genomes/GCF_013791065.1.fna	NCBI RefSeq	2026-10-06
GCF_013791615.1	data/genomes/GCF_013791615.1.fna	NCBI RefSeq	2026-10-06
GCF_013792365.1	data/genomes/GCF_013792365.1.fna	NCBI RefSeq	2026-10-06
GCF_013874155.1	data/genomes/GCF_013874155.1.fna	NCBI RefSeq	2026-10-06
GCF_013899365.1	data/genomes/GCF_013899365.1.fna	NCBI RefSeq	2026-10-06
GCF_014169975.1	data/genomes/GCF_014169975.1.fna	NCBI RefSeq	2026-10-06
GCF_014170055.1	data/genomes/GCF_014170055.1.fna	NCBI RefSeq	2026-10-06
GCF_014189285.1	data/genomes/GCF_014189285.1.fna	NCBI RefSeq	2026-10-06
GCF_014189355.1	data/genomes/GCF_014189355.1.fna	NCBI RefSeq	2026-10-06
GCF_014189375.1	data/genomes/GCF_014189375.1.fna	NCBI RefSeq	2026-10-06
GCF_014725915.1	data/genomes/GCF_014725915.1.fna	NCBI RefSeq	2026-10-06
GCF_014857065.1	data/genomes/GCF_014857065.1.fna	NCBI RefSeq	2026-10-06
GCF_014879315.1	data/genomes/GCF_014879315.1.fna	NCBI RefSeq	2026-10-06
GCF_015353115.1	data/genomes/GCF_015353115.1.fna	NCBI RefSeq	2026-10-06
GCF_015929785.1	data/genomes/GCF_015929785.1.fna	NCBI RefSeq	2026-10-06
GCF_016027855.1	data/genomes/GCF_016027855.1.fna	NCBI RefSeq	2026-10-06
GCF_016505285.2	data/genomes/GCF_016505285.2.fna	NCBI RefSeq	2026-10-06
GCF_016505445.2	data/genomes/GCF_016505445.2.fna	NCBI RefSeq	2026-10-06
GCF_016939595.1	data/genomes/GCF_016939595.1.fna	NCBI RefSeq	2026-10-06
GCF_016939615.1	data/genomes/GCF_016939615.1.fna	NCBI RefSeq	2026-10-06
GCF_016939655.1	data/genomes/GCF_016939655.1.fna	NCBI RefSeq	2026-10-06
GCF_017086505.1	data/genomes/GCF_017086505.1.fna	NCBI RefSeq	2026-10-06
GCF_018323885.1	data/genomes/GCF_018323885.1.fna	NCBI RefSeq	2026-10-06
GCF_019048045.1	data/genomes/GCF_019048045.1.fna	NCBI RefSeq	2026-10-06
GCF_019048065.1	data/genomes/GCF_019048065.1.fna	NCBI RefSeq	2026-10-06
GCF_019048805.1	data/genomes/GCF_019048805.1.fna	NCBI RefSeq	2026-10-06
GCF_019502645.1	data/genomes/GCF_019502645.1.fna	NCBI RefSeq	2026-10-06
GCF_019645955.1	data/genomes/GCF_019645955.1.fna	NCBI RefSeq	2026-10-06
GCF_019803045.1	data/genomes/GCF_019803045.1.fna	NCBI RefSeq	2026-10-06
GCF_019923545.1	data/genomes/GCF_019923545.1.fna	NCBI RefSeq	2026-10-06
GCF_019923565.1	data/genomes/GCF_019923565.1.fna	NCBI RefSeq	2026-10-06
GCF_019923585.1	data/genomes/GCF_019923585.1.fna	NCBI RefSeq	2026-10-06
GCF_020099335.1	data/genomes/GCF_020099335.1.fna	NCBI RefSeq	2026-10-06
GCF_020342455.1	data/genomes/GCF_020342455.1.fna	NCBI RefSeq	2026-10-06
GCF_020470145.1	data/genomes/GCF_020470145.1.fna	NCBI RefSeq	2026-10-06
GCF_020541245.1	data/genomes/GCF_020541245.1.fna	NCBI RefSeq	2026-10-06
GCF_020541265.1	data/genomes/GCF_020541265.1.fna	NCBI RefSeq	2026-10-06
GCF_020541285.1	data/genomes/GCF_020541285.1.fna	NCBI RefSeq	2026-10-06
GCF_020575245.1	data/genomes/GCF_020575245.1.fna	NCBI RefSeq	2026-10-06
GCF_020575305.1	data/genomes/GCF_020575305.1.fna	NCBI RefSeq	2026-10-06
GCF_020695525.1	data/genomes/GCF_020695525.1.fna	NCBI RefSeq	2026-10-06
GCF_020809005.1	data/genomes/GCF_020809005.1.fna	NCBI RefSeq	2026-10-06
GCF_021221145.1	data/genomes/GCF_021221145.1.fna	NCBI RefSeq	2026-10-06
GCF_022430505.1	data/genomes/GCF_022430505.1.fna	NCBI RefSeq	2026-10-06
GCF_022558585.1	data/genomes/GCF_022558585.1.fna	NCBI RefSeq	2026-10-06
GCF_022637515.1	data/genomes/GCF_022637515.1.fna	NCBI RefSeq	2026-10-06
GCF_022646275.1	data/genomes/GCF_022646275.1.fna	NCBI RefSeq	2026-10-06
GCF_023016305.1	data/genomes/GCF_023016305.1.fna	NCBI RefSeq	2026-10-06
GCF_023102135.1	data/genomes/GCF_023102135.1.fna	NCBI RefSeq	2026-10-06
GCF_023203375.1	data/genomes/GCF_023203375.1.fna	NCBI RefSeq	2026-10-06
GCF_023330605.1	data/genomes/GCF_023330605.1.fna	NCBI RefSeq	2026-10-06
GCF_023374915.1	data/genomes/GCF_023374915.1.fna	NCBI RefSeq	2026-10-06
GCF_023585685.1	data/genomes/GCF_023585685.1.fna	NCBI RefSeq	2026-10-06
GCF_023585705.1	data/genomes/GCF_023585705.1.fna	NCBI RefSeq	2026-10-06
GCF_023585725.1	data/genomes/GCF_023585725.1.fna	NCBI RefSeq	2026-10-06
GCF_023585745.1	data/genomes/GCF_023585745.1.fna	NCBI RefSeq	2026-10-06
GCF_023585765.1	data/genomes/GCF_023585765.1.fna	NCBI RefSeq	2026-10-06
GCF_023585785.1	data/genomes/GCF_023585785.1.fna	NCBI RefSeq	2026-10-06
GCF_023585805.1	data/genomes/GCF_023585805.1.fna	NCBI RefSeq	2026-10-06
GCF_023585825.1	data/genomes/GCF_023585825.1.fna	NCBI RefSeq	2026-10-06
GCF_023585845.1	data/genomes/GCF_023585845.1.fna	NCBI RefSeq	2026-10-06
GCF_023585865.1	data/genomes/GCF_023585865.1.fna	NCBI RefSeq	2026-10-06
GCF_023585885.1	data/genomes/GCF_023585885.1.fna	NCBI RefSeq	2026-10-06
GCF_023585905.1	data/genomes/GCF_023585905.1.fna	NCBI RefSeq	2026-10-06
GCF_023585925.1	data/genomes/GCF_023585925.1.fna	NCBI RefSeq	2026-10-06
GCF_023586085.1	data/genomes/GCF_023586085.1.fna	NCBI RefSeq	2026-10-06
GCF_023586245.1	data/genomes/GCF_023586245.1.fna	NCBI RefSeq	2026-10-06
GCF_023586365.1	data/genomes/GCF_023586365.1.fna	NCBI RefSeq	2026-10-06
GCF_023586525.1	data/genomes/GCF_023586525.1.fna	NCBI RefSeq	2026-10-06
GCF_023612475.1	data/genomes/GCF_023612475.1.fna	NCBI RefSeq	2026-10-06
GCF_023615325.1	data/genomes/GCF_023615325.1.fna	NCBI RefSeq	2026-10-06
GCF_023658085.1	data/genomes/GCF_023658085.1.fna	NCBI RefSeq	2026-10-06
GCF_023756145.1	data/genomes/GCF_023756145.1.fna	NCBI RefSeq	2026-10-06
GCF_024131185.1	data/genomes/GCF_024131185.1.fna	NCBI RefSeq	2026-10-06
GCF_024210715.1	data/genomes/GCF_024210715.1.fna	NCBI RefSeq	2026-10-06
GCF_024224615.1	data/genomes/GCF_024224615.1.fna	NCBI RefSeq	2026-10-06
GCF_024347735.1	data/genomes/GCF_024347735.1.fna	NCBI RefSeq	2026-10-06
GCF_024800305.1	data/genomes/GCF_024800305.1.fna	NCBI RefSeq	2026-10-06
GCF_025723225.1	data/genomes/GCF_025723225.1.fna	NCBI RefSeq	2026-10-06
GCF_025999575.1	data/genomes/GCF_025999575.1.fna	NCBI RefSeq	2026-10-06
GCF_026240835.1	data/genomes/GCF_026240835.1.fna	NCBI RefSeq	2026-10-06
GCF_026240855.1	data/genomes/GCF_026240855.1.fna	NCBI RefSeq	2026-10-06
GCF_026240875.1	data/genomes/GCF_026240875.1.fna	NCBI RefSeq	2026-10-06
GCF_026526975.1	data/genomes/GCF_026526975.1.fna	NCBI RefSeq	2026-10-06
GCF_026626145.1	data/genomes/GCF_026626145.1.fna	NCBI RefSeq	2026-10-06
GCF_027271215.1	data/genomes/GCF_027271215.1.fna	NCBI RefSeq	2026-10-06
GCF_027594725.1	data/genomes/GCF_027594725.1.fna	NCBI RefSeq	2026-10-06
GCF_027595105.3	data/genomes/GCF_027595105.3.fna	NCBI RefSeq	2026-10-06
GCF_028748785.1	data/genomes/GCF_028748785.1.fna	NCBI RefSeq	2026-10-06
GCF_028748805.1	data/genomes/GCF_028748805.1.fna	NCBI RefSeq	2026-10-06
GCF_028856405.1	data/genomes/GCF_028856405.1.fna	NCBI RefSeq	2026-10-06
GCF_028856425.1	data/genomes/GCF_028856425.1.fna	NCBI RefSeq	2026-10-06
GCF_029001825.1	data/genomes/GCF_029001825.1.fna	NCBI RefSeq	2026-10-06
GCF_029338175.1	data/genomes/GCF_029338175.1.fna	NCBI RefSeq	2026-10-06
GCF_029634665.1	data/genomes/GCF_029634665.1.fna	NCBI RefSeq	2026-10-06
GCF_029715665.1	data/genomes/GCF_029715665.1.fna	NCBI RefSeq	2026-10-06
GCF_029716005.1	data/genomes/GCF_029716005.1.fna	NCBI RefSeq	2026-10-06
GCF_029716315.1	data/genomes/GCF_029716315.1.fna	NCBI RefSeq	2026-10-06
GCF_029716485.1	data/genomes/GCF_029716485.1.fna	NCBI RefSeq	2026-10-06
GCF_029716845.1	data/genomes/GCF_029716845.1.fna	NCBI RefSeq	2026-10-06
GCF_029717445.1	data/genomes/GCF_029717445.1.fna	NCBI RefSeq	2026-10-06
GCF_029717465.1	data/genomes/GCF_029717465.1.fna	NCBI RefSeq	2026-10-06
GCF_029717665.1	data/genomes/GCF_029717665.1.fna	NCBI RefSeq	2026-10-06
GCF_029717865.1	data/genomes/GCF_029717865.1.fna	NCBI RefSeq	2026-10-06
GCF_029717885.1	data/genomes/GCF_029717885.1.fna	NCBI RefSeq	2026-10-06
GCF_029717925.1	data/genomes/GCF_029717925.1.fna	NCBI RefSeq	2026-10-06
GCF_029717945.1	data/genomes/GCF_029717945.1.fna	NCBI RefSeq	2026-10-06
GCF_029717985.1	data/genomes/GCF_029717985.1.fna	NCBI RefSeq	2026-10-06
GCF_029718045.1	data/genomes/GCF_029718045.1.fna	NCBI RefSeq	2026-10-06
GCF_029718275.1	data/genomes/GCF_029718275.1.fna	NCBI RefSeq	2026-10-06
GCF_029718295.1	data/genomes/GCF_029718295.1.fna	NCBI RefSeq	2026-10-06
GCF_029718425.1	data/genomes/GCF_029718425.1.fna	NCBI RefSeq	2026-10-06
GCF_029718465.1	data/genomes/GCF_029718465.1.fna	NCBI RefSeq	2026-10-06
GCF_029718585.1	data/genomes/GCF_029718585.1.fna	NCBI RefSeq	2026-10-06
GCF_029719125.1	data/genomes/GCF_029719125.1.fna	NCBI RefSeq	2026-10-06
GCF_029719365.1	data/genomes/GCF_029719365.1.fna	NCBI RefSeq	2026-10-06
GCF_029719765.1	data/genomes/GCF_029719765.1.fna	NCBI RefSeq	2026-10-06
GCF_029719805.1	data/genomes/GCF_029719805.1.fna	NCBI RefSeq	2026-10-06
GCF_029910555.1	data/genomes/GCF_029910555.1.fna	NCBI RefSeq	2026-10-06
GCF_029910575.1	data/genomes/GCF_029910575.1.fna	NCBI RefSeq	2026-10-06
GCF_030007575.1	data/genomes/GCF_030007575.1.fna	NCBI RefSeq	2026-10-06
GCF_030007795.1	data/genomes/GCF_030007795.1.fna	NCBI RefSeq	2026-10-06
GCF_030035205.1	data/genomes/GCF_030035205.1.fna	NCBI RefSeq	2026-10-06
GCF_030064365.1	data/genomes/GCF_030064365.1.fna	NCBI RefSeq	2026-10-06
GCF_030122475.1	data/genomes/GCF_030122475.1.fna	NCBI RefSeq	2026-10-06
GCF_030122495.1	data/genomes/GCF_030122495.1.fna	NCBI RefSeq	2026-10-06
GCF_030166395.1	data/genomes/GCF_030166395.1.fna	NCBI RefSeq	2026-10-06
GCF_030166475.1	data/genomes/GCF_030166475.1.fna	NCBI RefSeq	2026-10-06
GCF_030177735.1	data/genomes/GCF_030177735.1.fna	NCBI RefSeq	2026-10-06
GCF_031432815.1	data/genomes/GCF_031432815.1.fna	NCBI RefSeq	2026-10-06
GCF_031432975.1	data/genomes/GCF_031432975.1.fna	NCBI RefSeq	2026-10-06
GCF_031883855.1	data/genomes/GCF_031883855.1.fna	NCBI RefSeq	2026-10-06
GCF_032345935.1	data/genomes/GCF_032345935.1.fna	NCBI RefSeq	2026-10-06
GCF_032346775.2	data/genomes/GCF_032346775.2.fna	NCBI RefSeq	2026-10-06
GCF_032347795.1	data/genomes/GCF_032347795.1.fna	NCBI RefSeq	2026-10-06
GCF_032375065.1	data/genomes/GCF_032375065.1.fna	NCBI RefSeq	2026-10-06
GCF_032464395.1	data/genomes/GCF_032464395.1.fna	NCBI RefSeq	2026-10-06
GCF_032818495.1	data/genomes/GCF_032818495.1.fna	NCBI RefSeq	2026-10-06
GCF_032935635.1	data/genomes/GCF_032935635.1.fna	NCBI RefSeq	2026-10-06
GCF_033157475.1	data/genomes/GCF_033157475.1.fna	NCBI RefSeq	2026-10-06
GCF_033160275.1	data/genomes/GCF_033160275.1.fna	NCBI RefSeq	2026-10-06
GCF_033162755.1	data/genomes/GCF_033162755.1.fna	NCBI RefSeq	2026-10-06
GCF_033164915.1	data/genomes/GCF_033164915.1.fna	NCBI RefSeq	2026-10-06
GCF_033398815.1	data/genomes/GCF_033398815.1.fna	NCBI RefSeq	2026-10-06
GCF_033399635.1	data/genomes/GCF_033399635.1.fna	NCBI RefSeq	2026-10-06
GCF_033726075.1	data/genomes/GCF_033726075.1.fna	NCBI RefSeq	2026-10-06
GCF_034258575.1	data/genomes/GCF_034258575.1.fna	NCBI RefSeq	2026-10-06
GCF_034377565.1	data/genomes/GCF_034377565.1.fna	NCBI RefSeq	2026-10-06
GCF_034422555.1	data/genomes/GCF_034422555.1.fna	NCBI RefSeq	2026-10-06
GCF_035620115.1	data/genomes/GCF_035620115.1.fna	NCBI RefSeq	2026-10-06
GCF_036287605.1	data/genomes/GCF_036287605.1.fna	NCBI RefSeq	2026-10-06
GCF_036289025.1	data/genomes/GCF_036289025.1.fna	NCBI RefSeq	2026-10-06
GCF_036289085.1	data/genomes/GCF_036289085.1.fna	NCBI RefSeq	2026-10-06
GCF_036289105.1	data/genomes/GCF_036289105.1.fna	NCBI RefSeq	2026-10-06
GCF_036289145.1	data/genomes/GCF_036289145.1.fna	NCBI RefSeq	2026-10-06
GCF_036289185.1	data/genomes/GCF_036289185.1.fna	NCBI RefSeq	2026-10-06
GCF_036289205.1	data/genomes/GCF_036289205.1.fna	NCBI RefSeq	2026-10-06
GCF_036289225.1	data/genomes/GCF_036289225.1.fna	NCBI RefSeq	2026-10-06
GCF_036549215.1	data/genomes/GCF_036549215.1.fna	NCBI RefSeq	2026-10-06
GCF_037477975.1	data/genomes/GCF_037477975.1.fna	NCBI RefSeq	2026-10-06
GCF_037482245.1	data/genomes/GCF_037482245.1.fna	NCBI RefSeq	2026-10-06
GCF_040369615.1	data/genomes/GCF_040369615.1.fna	NCBI RefSeq	2026-10-06
GCF_041319725.1	data/genomes/GCF_041319725.1.fna	NCBI RefSeq	2026-10-06
GCF_041319875.1	data/genomes/GCF_041319875.1.fna	NCBI RefSeq	2026-10-06
GCF_041319885.1	data/genomes/GCF_041319885.1.fna	NCBI RefSeq	2026-10-06
GCF_041319905.1	data/genomes/GCF_041319905.1.fna	NCBI RefSeq	2026-10-06
GCF_041319925.1	data/genomes/GCF_041319925.1.fna	NCBI RefSeq	2026-10-06
GCF_041319935.1	data/genomes/GCF_041319935.1.fna	NCBI RefSeq	2026-10-06
GCF_041858995.2	data/genomes/GCF_041858995.2.fna	NCBI RefSeq	2026-10-06
GCF_043509935.1	data/genomes/GCF_043509935.1.fna	NCBI RefSeq	2026-10-06
GCF_044095835.1	data/genomes/GCF_044095835.1.fna	NCBI RefSeq	2026-10-06
GCF_044537545.1	data/genomes/GCF_044537545.1.fna	NCBI RefSeq	2026-10-06
GCF_046272115.1	data/genomes/GCF_046272115.1.fna	NCBI RefSeq	2026-10-06
GCF_046479805.2	data/genomes/GCF_046479805.2.fna	NCBI RefSeq	2026-10-06
GCF_048296775.1	data/genomes/GCF_048296775.1.fna	NCBI RefSeq	2026-10-06
GCF_048388425.1	data/genomes/GCF_048388425.1.fna	NCBI RefSeq	2026-10-06
GCF_048572785.1	data/genomes/GCF_048572785.1.fna	NCBI RefSeq	2026-10-06
GCF_049803965.1	data/genomes/GCF_049803965.1.fna	NCBI RefSeq	2026-10-06
GCF_050177625.1	data/genomes/GCF_050177625.1.fna	NCBI RefSeq	2026-10-06
GCF_051147885.1	data/genomes/GCF_051147885.1.fna	NCBI RefSeq	2026-10-06
GCF_052491995.1	data/genomes/GCF_052491995.1.fna	NCBI RefSeq	2026-10-06
GCF_054977405.1	data/genomes/GCF_054977405.1.fna	NCBI RefSeq	2026-10-06
GCF_055901195.2	data/genomes/GCF_055901195.2.fna	NCBI RefSeq	2026-10-06
GCF_056113725.1	data/genomes/GCF_056113725.1.fna	NCBI RefSeq	2026-10-06
GCF_056113815.1	data/genomes/GCF_056113815.1.fna	NCBI RefSeq	2026-10-06
GCF_056155425.1	data/genomes/GCF_056155425.1.fna	NCBI RefSeq	2026-10-06
GCF_056521565.1	data/genomes/GCF_056521565.1.fna	NCBI RefSeq	2026-10-06
GCF_056897655.1	data/genomes/GCF_056897655.1.fna	NCBI RefSeq	2026-10-06
GCF_057960995.1	data/genomes/GCF_057960995.1.fna	NCBI RefSeq	2026-10-06
GCF_057962535.1	data/genomes/GCF_057962535.1.fna	NCBI RefSeq	2026-10-06
GCF_059232575.1	data/genomes/GCF_059232575.1.fna	NCBI RefSeq	2026-10-06
GCF_059553175.1	data/genomes/GCF_059553175.1.fna	NCBI RefSeq	2026-10-06
GCF_059553295.1	data/genomes/GCF_059553295.1.fna	NCBI RefSeq	2026-10-06
GCF_059692535.1	data/genomes/GCF_059692535.1.fna	NCBI RefSeq	2026-10-06
GCF_059934915.1	data/genomes/GCF_059934915.1.fna	NCBI RefSeq	2026-10-06
GCF_059934925.1	data/genomes/GCF_059934925.1.fna	NCBI RefSeq	2026-10-06
GCF_059935335.1	data/genomes/GCF_059935335.1.fna	NCBI RefSeq	2026-10-06
GCF_059935345.1	data/genomes/GCF_059935345.1.fna	NCBI RefSeq	2026-10-06
GCF_059935855.1	data/genomes/GCF_059935855.1.fna	NCBI RefSeq	2026-10-06
GCF_900039485.1	data/genomes/GCF_900039485.1.fna	NCBI RefSeq	2026-10-06
GCF_900044015.1	data/genomes/GCF_900044015.1.fna	NCBI RefSeq	2026-10-06
GCF_900048035.1	data/genomes/GCF_900048035.1.fna	NCBI RefSeq	2026-10-06
GCF_900048045.1	data/genomes/GCF_900048045.1.fna	NCBI RefSeq	2026-10-06
GCF_900079785.1	data/genomes/GCF_900079785.1.fna	NCBI RefSeq	2026-10-06
GCF_900079795.1	data/genomes/GCF_900079795.1.fna	NCBI RefSeq	2026-10-06
GCF_900635955.1	data/genomes/GCF_900635955.1.fna	NCBI RefSeq	2026-10-06
GCF_904848675.1	data/genomes/GCF_904848675.1.fna	NCBI RefSeq	2026-10-06
GCF_904859905.1	data/genomes/GCF_904859905.1.fna	NCBI RefSeq	2026-10-06
GCF_964019775.1	data/genomes/GCF_964019775.1.fna	NCBI RefSeq	2026-10-06
GCF_964020115.1	data/genomes/GCF_964020115.1.fna	NCBI RefSeq	2026-10-06
GCF_964275155.1	data/genomes/GCF_964275155.1.fna	NCBI RefSeq	2026-10-06
GCF_000007745.1_ASM774v1_genomic	data/genomes/ncbi_dataset/data/GCF_000007745.1/GCF_000007745.1_ASM774v1_genomic.fna	NCBI RefSeq	2026-10-06
GCF_000015025.1_ASM1502v1_genomic	data/genomes/ncbi_dataset/data/GCF_000015025.1/GCF_000015025.1_ASM1502v1_genomic.fna	NCBI RefSeq	2026-10-06
GCF_000015865.1_ASM1586v1_genomic	data/genomes/ncbi_dataset/data/GCF_000015865.1/GCF_000015865.1_ASM1586v1_genomic.fna	NCBI RefSeq	2026-10-06
GCF_000017245.1_ASM1724v1_genomic	data/genomes/ncbi_dataset/data/GCF_000017245.1/GCF_000017245.1_ASM1724v1_genomic.fna	NCBI RefSeq	2026-10-06
GCF_000018105.1_ASM1810v1_genomic	data/genomes/ncbi_dataset/data/GCF_000018105.1/GCF_000018105.1_ASM1810v1_genomic.fna	NCBI RefSeq	2026-10-06
GCF_000018785.1_ASM1878v1_genomic	data/genomes/ncbi_dataset/data/GCF_000018785.1/GCF_000018785.1_ASM1878v1_genomic.fna	NCBI RefSeq	2026-10-06
GCF_000021485.1_ASM2148v1_genomic	data/genomes/ncbi_dataset/data/GCF_000021485.1/GCF_000021485.1_ASM2148v1_genomic.fna	NCBI RefSeq	2026-10-06
GCF_000022305.1_ASM2230v1_genomic	data/genomes/ncbi_dataset/data/GCF_000022305.1/GCF_000022305.1_ASM2230v1_genomic.fna	NCBI RefSeq	2026-10-06
GCF_000022565.1_ASM2256v1_genomic	data/genomes/ncbi_dataset/data/GCF_000022565.1/GCF_000022565.1_ASM2256v1_genomic.fna	NCBI RefSeq	2026-10-06
GCF_000023245.1_ASM2324v1_genomic	data/genomes/ncbi_dataset/data/GCF_000023245.1/GCF_000023245.1_ASM2324v1_genomic.fna	NCBI RefSeq	2026-10-06
GCF_000023265.1_ASM2326v1_genomic	data/genomes/ncbi_dataset/data/GCF_000023265.1/GCF_000023265.1_ASM2326v1_genomic.fna	NCBI RefSeq	2026-10-06
GCF_000025305.1_ASM2530v1_genomic	data/genomes/ncbi_dataset/data/GCF_000025305.1/GCF_000025305.1_ASM2530v1_genomic.fna	NCBI RefSeq	2026-10-06
GCF_000046845.1_ASM4684v1_genomic	data/genomes/ncbi_dataset/data/GCF_000046845.1/GCF_000046845.1_ASM4684v1_genomic.fna	NCBI RefSeq	2026-10-06
GCF_000093085.1_ASM9308v1_genomic	data/genomes/ncbi_dataset/data/GCF_000093085.1/GCF_000093085.1_ASM9308v1_genomic.fna	NCBI RefSeq	2026-10-06
GCF_000144625.1_ASM14462v1_genomic	data/genomes/ncbi_dataset/data/GCF_000144625.1/GCF_000144625.1_ASM14462v1_genomic.fna	NCBI RefSeq	2026-10-06
GCF_000144695.1_ASM14469v1_genomic	data/genomes/ncbi_dataset/data/GCF_000144695.1/GCF_000144695.1_ASM14469v1_genomic.fna	NCBI RefSeq	2026-10-06
GCF_000164865.1_ASM16486v1_genomic	data/genomes/ncbi_dataset/data/GCF_000164865.1/GCF_000164865.1_ASM16486v1_genomic.fna	NCBI RefSeq	2026-10-06
GCF_000191145.1_ASM19114v1_genomic	data/genomes/ncbi_dataset/data/GCF_000191145.1/GCF_000191145.1_ASM19114v1_genomic.fna	NCBI RefSeq	2026-10-06
GCF_000196455.1_ASM19645v1_genomic	data/genomes/ncbi_dataset/data/GCF_000196455.1/GCF_000196455.1_ASM19645v1_genomic.fna	NCBI RefSeq	2026-10-06
GCF_000196515.1_ASM19651v1_genomic	data/genomes/ncbi_dataset/data/GCF_000196515.1/GCF_000196515.1_ASM19651v1_genomic.fna	NCBI RefSeq	2026-10-06
GCF_000196795.1_ASM19679v1_genomic	data/genomes/ncbi_dataset/data/GCF_000196795.1/GCF_000196795.1_ASM19679v1_genomic.fna	NCBI RefSeq	2026-10-06
GCF_000202835.1_ASM20283v1_genomic	data/genomes/ncbi_dataset/data/GCF_000202835.1/GCF_000202835.1_ASM20283v1_genomic.fna	NCBI RefSeq	2026-10-06
GCF_000221025.1_ASM22102v1_genomic	data/genomes/ncbi_dataset/data/GCF_000221025.1/GCF_000221025.1_ASM22102v1_genomic.fna	NCBI RefSeq	2026-10-06
GCF_000237085.1_ASM23708v1_genomic	data/genomes/ncbi_dataset/data/GCF_000237085.1/GCF_000237085.1_ASM23708v1_genomic.fna	NCBI RefSeq	2026-10-06
GCF_000247605.1_ASM24760v1_genomic	data/genomes/ncbi_dataset/data/GCF_000247605.1/GCF_000247605.1_ASM24760v1_genomic.fna	NCBI RefSeq	2026-10-06
GCF_000284295.1_ASM28429v1_genomic	data/genomes/ncbi_dataset/data/GCF_000284295.1/GCF_000284295.1_ASM28429v1_genomic.fna	NCBI RefSeq	2026-10-06
GCF_000494755.1_ASM49475v1_genomic	data/genomes/ncbi_dataset/data/GCF_000494755.1/GCF_000494755.1_ASM49475v1_genomic.fna	NCBI RefSeq	2026-10-06
GCF_000724605.1_ASM72460v1_genomic	data/genomes/ncbi_dataset/data/GCF_000724605.1/GCF_000724605.1_ASM72460v1_genomic.fna	NCBI RefSeq	2026-10-06
GCF_000739435.1_ASM73943v1_genomic	data/genomes/ncbi_dataset/data/GCF_000739435.1/GCF_000739435.1_ASM73943v1_genomic.fna	NCBI RefSeq	2026-10-06
GCF_000967915.1_ASM96791v1_genomic	data/genomes/ncbi_dataset/data/GCF_000967915.1/GCF_000967915.1_ASM96791v1_genomic.fna	NCBI RefSeq	2026-10-06
GCF_001307195.1_ASM130719v1_genomic	data/genomes/ncbi_dataset/data/GCF_001307195.1/GCF_001307195.1_ASM130719v1_genomic.fna	NCBI RefSeq	2026-10-06
GCF_001441165.1_ASM144116v1_genomic	data/genomes/ncbi_dataset/data/GCF_001441165.1/GCF_001441165.1_ASM144116v1_genomic.fna	NCBI RefSeq	2026-10-06
GCF_001499615.1_Acetobacter_senegalensis_108B_genomic	data/genomes/ncbi_dataset/data/GCF_001499615.1/GCF_001499615.1_Acetobacter_senegalensis_108B_genomic.fna	NCBI RefSeq	2026-10-06
GCF_001553565.1_ASM155356v1_genomic	data/genomes/ncbi_dataset/data/GCF_001553565.1/GCF_001553565.1_ASM155356v1_genomic.fna	NCBI RefSeq	2026-10-06
GCF_001647695.1_ASM164769v1_genomic	data/genomes/ncbi_dataset/data/GCF_001647695.1/GCF_001647695.1_ASM164769v1_genomic.fna	NCBI RefSeq	2026-10-06
GCF_001696605.3_ASM169660v3_genomic	data/genomes/ncbi_dataset/data/GCF_001696605.3/GCF_001696605.3_ASM169660v3_genomic.fna	NCBI RefSeq	2026-10-06
GCF_001704115.1_ASM170411v1_genomic	data/genomes/ncbi_dataset/data/GCF_001704115.1/GCF_001704115.1_ASM170411v1_genomic.fna	NCBI RefSeq	2026-10-06
GCF_001704615.3_ASM170461v3_genomic	data/genomes/ncbi_dataset/data/GCF_001704615.3/GCF_001704615.3_ASM170461v3_genomic.fna	NCBI RefSeq	2026-10-06
GCF_001705075.2_ASM170507v2_genomic	data/genomes/ncbi_dataset/data/GCF_001705075.2/GCF_001705075.2_ASM170507v2_genomic.fna	NCBI RefSeq	2026-10-06
GCF_001747425.1_ASM174742v1_genomic	data/genomes/ncbi_dataset/data/GCF_001747425.1/GCF_001747425.1_ASM174742v1_genomic.fna	NCBI RefSeq	2026-10-06
GCF_001753245.1_ASM175324v1_genomic	data/genomes/ncbi_dataset/data/GCF_001753245.1/GCF_001753245.1_ASM175324v1_genomic.fna	NCBI RefSeq	2026-10-06
GCF_001941625.1_ASM194162v1_genomic	data/genomes/ncbi_dataset/data/GCF_001941625.1/GCF_001941625.1_ASM194162v1_genomic.fna	NCBI RefSeq	2026-10-06
GCF_001989575.1_ASM198957v1_genomic	data/genomes/ncbi_dataset/data/GCF_001989575.1/GCF_001989575.1_ASM198957v1_genomic.fna	NCBI RefSeq	2026-10-06
GCF_002057455.1_ASM205745v1_genomic	data/genomes/ncbi_dataset/data/GCF_002057455.1/GCF_002057455.1_ASM205745v1_genomic.fna	NCBI RefSeq	2026-10-06
GCF_002076915.1_ASM207691v1_genomic	data/genomes/ncbi_dataset/data/GCF_002076915.1/GCF_002076915.1_ASM207691v1_genomic.fna	NCBI RefSeq	2026-10-06
GCF_002157165.1_ASM215716v1_genomic	data/genomes/ncbi_dataset/data/GCF_002157165.1/GCF_002157165.1_ASM215716v1_genomic.fna	NCBI RefSeq	2026-10-06
GCF_002165375.2_ASM216537v2_genomic	data/genomes/ncbi_dataset/data/GCF_002165375.2/GCF_002165375.2_ASM216537v2_genomic.fna	NCBI RefSeq	2026-10-06
GCF_002173775.1_ASM217377v1_genomic	data/genomes/ncbi_dataset/data/GCF_002173775.1/GCF_002173775.1_ASM217377v1_genomic.fna	NCBI RefSeq	2026-10-06
GCF_002220195.1_ASM222019v1_genomic	data/genomes/ncbi_dataset/data/GCF_002220195.1/GCF_002220195.1_ASM222019v1_genomic.fna	NCBI RefSeq	2026-10-06
GCF_002234535.1_ASM223453v1_genomic	data/genomes/ncbi_dataset/data/GCF_002234535.1/GCF_002234535.1_ASM223453v1_genomic.fna	NCBI RefSeq	2026-10-06
GCF_002263515.1_ASM226351v1_genomic	data/genomes/ncbi_dataset/data/GCF_002263515.1/GCF_002263515.1_ASM226351v1_genomic.fna	NCBI RefSeq	2026-10-06
GCF_002354875.1_ASM235487v1_genomic	data/genomes/ncbi_dataset/data/GCF_002354875.1/GCF_002354875.1_ASM235487v1_genomic.fna	NCBI RefSeq	2026-10-06
GCF_002370525.2_ASM237052v2_genomic	data/genomes/ncbi_dataset/data/GCF_002370525.2/GCF_002370525.2_ASM237052v2_genomic.fna	NCBI RefSeq	2026-10-06
GCF_002812705.1_ASM281270v1_genomic	data/genomes/ncbi_dataset/data/GCF_002812705.1/GCF_002812705.1_ASM281270v1_genomic.fna	NCBI RefSeq	2026-10-06
GCF_002844395.1_ASM284439v1_genomic	data/genomes/ncbi_dataset/data/GCF_002844395.1/GCF_002844395.1_ASM284439v1_genomic.fna	NCBI RefSeq	2026-10-06
GCF_002860685.3_ASM286068v3_genomic	data/genomes/ncbi_dataset/data/GCF_002860685.3/GCF_002860685.3_ASM286068v3_genomic.fna	NCBI RefSeq	2026-10-06
GCF_003024525.3_ASM302452v3_genomic	data/genomes/ncbi_dataset/data/GCF_003024525.3/GCF_003024525.3_ASM302452v3_genomic.fna	NCBI RefSeq	2026-10-06
GCF_003101015.1_ASM310101v1_genomic	data/genomes/ncbi_dataset/data/GCF_003101015.1/GCF_003101015.1_ASM310101v1_genomic.fna	NCBI RefSeq	2026-10-06
GCF_003258335.1_ASM325833v1_genomic	data/genomes/ncbi_dataset/data/GCF_003258335.1/GCF_003258335.1_ASM325833v1_genomic.fna	NCBI RefSeq	2026-10-06
GCF_003285045.1_ASM328504v1_genomic	data/genomes/ncbi_dataset/data/GCF_003285045.1/GCF_003285045.1_ASM328504v1_genomic.fna	NCBI RefSeq	2026-10-06
GCF_003290385.1_ASM329038v1_genomic	data/genomes/ncbi_dataset/data/GCF_003290385.1/GCF_003290385.1_ASM329038v1_genomic.fna	NCBI RefSeq	2026-10-06
GCF_003323815.1_ASM332381v1_genomic	data/genomes/ncbi_dataset/data/GCF_003323815.1/GCF_003323815.1_ASM332381v1_genomic.fna	NCBI RefSeq	2026-10-06
GCF_003325455.1_ASM332545v1_genomic	data/genomes/ncbi_dataset/data/GCF_003325455.1/GCF_003325455.1_ASM332545v1_genomic.fna	NCBI RefSeq	2026-10-06
GCF_003330725.1_ASM333072v1_genomic	data/genomes/ncbi_dataset/data/GCF_003330725.1/GCF_003330725.1_ASM333072v1_genomic.fna	NCBI RefSeq	2026-10-06
GCF_003332325.1_ASM333232v1_genomic	data/genomes/ncbi_dataset/data/GCF_003332325.1/GCF_003332325.1_ASM333232v1_genomic.fna	NCBI RefSeq	2026-10-06
GCF_003352165.1_ASM335216v1_genomic	data/genomes/ncbi_dataset/data/GCF_003352165.1/GCF_003352165.1_ASM335216v1_genomic.fna	NCBI RefSeq	2026-10-06
GCF_003711105.1_ASM371110v1_genomic	data/genomes/ncbi_dataset/data/GCF_003711105.1/GCF_003711105.1_ASM371110v1_genomic.fna	NCBI RefSeq	2026-10-06
GCF_003721225.2_CJ2_v4_genomic	data/genomes/ncbi_dataset/data/GCF_003721225.2/GCF_003721225.2_CJ2_v4_genomic.fna	NCBI RefSeq	2026-10-06
GCF_003966655.1_ASM396665v1_genomic	data/genomes/ncbi_dataset/data/GCF_003966655.1/GCF_003966655.1_ASM396665v1_genomic.fna	NCBI RefSeq	2026-10-06
GCF_004010955.1_ASM401095v1_genomic	data/genomes/ncbi_dataset/data/GCF_004010955.1/GCF_004010955.1_ASM401095v1_genomic.fna	NCBI RefSeq	2026-10-06
GCF_004014775.2_ASM401477v2_genomic	data/genomes/ncbi_dataset/data/GCF_004014775.2/GCF_004014775.2_ASM401477v2_genomic.fna	NCBI RefSeq	2026-10-06
GCF_004102025.1_ASM410202v1_genomic	data/genomes/ncbi_dataset/data/GCF_004102025.1/GCF_004102025.1_ASM410202v1_genomic.fna	NCBI RefSeq	2026-10-06
GCF_004103715.1_ASM410371v1_genomic	data/genomes/ncbi_dataset/data/GCF_004103715.1/GCF_004103715.1_ASM410371v1_genomic.fna	NCBI RefSeq	2026-10-06
GCF_004295125.1_ASM429512v1_genomic	data/genomes/ncbi_dataset/data/GCF_004295125.1/GCF_004295125.1_ASM429512v1_genomic.fna	NCBI RefSeq	2026-10-06
GCF_004359375.1_ASM435937v1_genomic	data/genomes/ncbi_dataset/data/GCF_004359375.1/GCF_004359375.1_ASM435937v1_genomic.fna	NCBI RefSeq	2026-10-06
GCF_004519515.1_ASM451951v1_genomic	data/genomes/ncbi_dataset/data/GCF_004519515.1/GCF_004519515.1_ASM451951v1_genomic.fna	NCBI RefSeq	2026-10-06
GCF_004798665.1_ASM479866v1_genomic	data/genomes/ncbi_dataset/data/GCF_004798665.1/GCF_004798665.1_ASM479866v1_genomic.fna	NCBI RefSeq	2026-10-06
GCF_005890135.1_ASM589013v1_genomic	data/genomes/ncbi_dataset/data/GCF_005890135.1/GCF_005890135.1_ASM589013v1_genomic.fna	NCBI RefSeq	2026-10-06
GCF_007741515.1_ASM774151v1_genomic	data/genomes/ncbi_dataset/data/GCF_007741515.1/GCF_007741515.1_ASM774151v1_genomic.fna	NCBI RefSeq	2026-10-06
GCF_008365315.1_ASM836531v1_genomic	data/genomes/ncbi_dataset/data/GCF_008365315.1/GCF_008365315.1_ASM836531v1_genomic.fna	NCBI RefSeq	2026-10-06
GCF_008630915.1_ASM863091v1_genomic	data/genomes/ncbi_dataset/data/GCF_008630915.1/GCF_008630915.1_ASM863091v1_genomic.fna	NCBI RefSeq	2026-10-06
GCF_008931845.1_ASM893184v1_genomic	data/genomes/ncbi_dataset/data/GCF_008931845.1/GCF_008931845.1_ASM893184v1_genomic.fna	NCBI RefSeq	2026-10-06
GCF_009035845.1_ASM903584v1_genomic	data/genomes/ncbi_dataset/data/GCF_009035845.1/GCF_009035845.1_ASM903584v1_genomic.fna	NCBI RefSeq	2026-10-06
GCF_009557235.1_ASM955723v1_genomic	data/genomes/ncbi_dataset/data/GCF_009557235.1/GCF_009557235.1_ASM955723v1_genomic.fna	NCBI RefSeq	2026-10-06
GCF_009650215.1_ASM965021v1_genomic	data/genomes/ncbi_dataset/data/GCF_009650215.1/GCF_009650215.1_ASM965021v1_genomic.fna	NCBI RefSeq	2026-10-06
GCF_009662475.1_ASM966247v1_genomic	data/genomes/ncbi_dataset/data/GCF_009662475.1/GCF_009662475.1_ASM966247v1_genomic.fna	NCBI RefSeq	2026-10-06
GCF_009884975.1_ASM988497v1_genomic	data/genomes/ncbi_dataset/data/GCF_009884975.1/GCF_009884975.1_ASM988497v1_genomic.fna	NCBI RefSeq	2026-10-06
GCF_009914215.2_ASM991421v2_genomic	data/genomes/ncbi_dataset/data/GCF_009914215.2/GCF_009914215.2_ASM991421v2_genomic.fna	NCBI RefSeq	2026-10-06
GCF_009914475.1_ASM991447v1_genomic	data/genomes/ncbi_dataset/data/GCF_009914475.1/GCF_009914475.1_ASM991447v1_genomic.fna	NCBI RefSeq	2026-10-06
GCF_010378095.2_MG_v5_genomic	data/genomes/ncbi_dataset/data/GCF_010378095.2/GCF_010378095.2_MG_v5_genomic.fna	NCBI RefSeq	2026-10-06
GCF_010918895.1_ASM1091889v1_genomic	data/genomes/ncbi_dataset/data/GCF_010918895.1/GCF_010918895.1_ASM1091889v1_genomic.fna	NCBI RefSeq	2026-10-06
GCF_011578045.1_ASM1157804v1_genomic	data/genomes/ncbi_dataset/data/GCF_011578045.1/GCF_011578045.1_ASM1157804v1_genomic.fna	NCBI RefSeq	2026-10-06
GCF_011578285.1_ASM1157828v1_genomic	data/genomes/ncbi_dataset/data/GCF_011578285.1/GCF_011578285.1_ASM1157828v1_genomic.fna	NCBI RefSeq	2026-10-06
GCF_012317185.1_ASM1231718v1_genomic	data/genomes/ncbi_dataset/data/GCF_012317185.1/GCF_012317185.1_ASM1231718v1_genomic.fna	NCBI RefSeq	2026-10-06
GCF_013122135.1_ASM1312213v1_genomic	data/genomes/ncbi_dataset/data/GCF_013122135.1/GCF_013122135.1_ASM1312213v1_genomic.fna	NCBI RefSeq	2026-10-06
GCF_013177295.1_ASM1317729v1_genomic	data/genomes/ncbi_dataset/data/GCF_013177295.1/GCF_013177295.1_ASM1317729v1_genomic.fna	NCBI RefSeq	2026-10-06
GCF_013184985.2_ASM1318498v2_genomic	data/genomes/ncbi_dataset/data/GCF_013184985.2/GCF_013184985.2_ASM1318498v2_genomic.fna	NCBI RefSeq	2026-10-06
GCF_013267395.1_ASM1326739v1_genomic	data/genomes/ncbi_dataset/data/GCF_013267395.1/GCF_013267395.1_ASM1326739v1_genomic.fna	NCBI RefSeq	2026-10-06
GCF_013267415.1_ASM1326741v1_genomic	data/genomes/ncbi_dataset/data/GCF_013267415.1/GCF_013267415.1_ASM1326741v1_genomic.fna	NCBI RefSeq	2026-10-06
GCF_014075995.1_ASM1407599v1_genomic	data/genomes/ncbi_dataset/data/GCF_014075995.1/GCF_014075995.1_ASM1407599v1_genomic.fna	NCBI RefSeq	2026-10-06
GCF_014217805.1_ASM1421780v1_genomic	data/genomes/ncbi_dataset/data/GCF_014217805.1/GCF_014217805.1_ASM1421780v1_genomic.fna	NCBI RefSeq	2026-10-06
GCF_014595995.2_ASM1459599v2_genomic	data/genomes/ncbi_dataset/data/GCF_014595995.2/GCF_014595995.2_ASM1459599v2_genomic.fna	NCBI RefSeq	2026-10-06
GCF_015711475.1_ASM1571147v2_genomic	data/genomes/ncbi_dataset/data/GCF_015711475.1/GCF_015711475.1_ASM1571147v2_genomic.fna	NCBI RefSeq	2026-10-06
GCF_016064815.1_ASM1606481v1_genomic	data/genomes/ncbi_dataset/data/GCF_016064815.1/GCF_016064815.1_ASM1606481v1_genomic.fna	NCBI RefSeq	2026-10-06
GCF_016127855.1_ASM1612785v1_genomic	data/genomes/ncbi_dataset/data/GCF_016127855.1/GCF_016127855.1_ASM1612785v1_genomic.fna	NCBI RefSeq	2026-10-06
GCF_016127955.1_ASM1612795v1_genomic	data/genomes/ncbi_dataset/data/GCF_016127955.1/GCF_016127955.1_ASM1612795v1_genomic.fna	NCBI RefSeq	2026-10-06
GCF_016250455.1_ASM1625045v1_genomic	data/genomes/ncbi_dataset/data/GCF_016250455.1/GCF_016250455.1_ASM1625045v1_genomic.fna	NCBI RefSeq	2026-10-06
GCF_016576965.1_ASM1657696v1_genomic	data/genomes/ncbi_dataset/data/GCF_016576965.1/GCF_016576965.1_ASM1657696v1_genomic.fna	NCBI RefSeq	2026-10-06
GCF_016592595.1_ASM1659259v1_genomic	data/genomes/ncbi_dataset/data/GCF_016592595.1/GCF_016592595.1_ASM1659259v1_genomic.fna	NCBI RefSeq	2026-10-06
GCF_016598775.1_ASM1659877v1_genomic	data/genomes/ncbi_dataset/data/GCF_016598775.1/GCF_016598775.1_ASM1659877v1_genomic.fna	NCBI RefSeq	2026-10-06
GCF_016728825.1_ASM1672882v1_genomic	data/genomes/ncbi_dataset/data/GCF_016728825.1/GCF_016728825.1_ASM1672882v1_genomic.fna	NCBI RefSeq	2026-10-06
GCF_016756395.1_ASM1675639v1_genomic	data/genomes/ncbi_dataset/data/GCF_016756395.1/GCF_016756395.1_ASM1675639v1_genomic.fna	NCBI RefSeq	2026-10-06
GCF_016865425.1_ASM1686542v1_genomic	data/genomes/ncbi_dataset/data/GCF_016865425.1/GCF_016865425.1_ASM1686542v1_genomic.fna	NCBI RefSeq	2026-10-06
GCF_017357865.1_ASM1735786v1_genomic	data/genomes/ncbi_dataset/data/GCF_017357865.1/GCF_017357865.1_ASM1735786v1_genomic.fna	NCBI RefSeq	2026-10-06
GCF_017498585.1_ASM1749858v1_genomic	data/genomes/ncbi_dataset/data/GCF_017498585.1/GCF_017498585.1_ASM1749858v1_genomic.fna	NCBI RefSeq	2026-10-06
GCF_018139125.1_ASM1813912v1_genomic	data/genomes/ncbi_dataset/data/GCF_018139125.1/GCF_018139125.1_ASM1813912v1_genomic.fna	NCBI RefSeq	2026-10-06
GCF_018324105.1_ASM1832410v1_genomic	data/genomes/ncbi_dataset/data/GCF_018324105.1/GCF_018324105.1_ASM1832410v1_genomic.fna	NCBI RefSeq	2026-10-06
GCF_018324205.1_ASM1832420v1_genomic	data/genomes/ncbi_dataset/data/GCF_018324205.1/GCF_018324205.1_ASM1832420v1_genomic.fna	NCBI RefSeq	2026-10-06
GCF_018324685.1_ASM1832468v1_genomic	data/genomes/ncbi_dataset/data/GCF_018324685.1/GCF_018324685.1_ASM1832468v1_genomic.fna	NCBI RefSeq	2026-10-06
GCF_018336855.1_ASM1833685v1_genomic	data/genomes/ncbi_dataset/data/GCF_018336855.1/GCF_018336855.1_ASM1833685v1_genomic.fna	NCBI RefSeq	2026-10-06
GCF_018853465.2_GG1-14_v8_genomic	data/genomes/ncbi_dataset/data/GCF_018853465.2/GCF_018853465.2_GG1-14_v8_genomic.fna	NCBI RefSeq	2026-10-06
GCF_018854495.2_AFG_CF3_v6_genomic	data/genomes/ncbi_dataset/data/GCF_018854495.2/GCF_018854495.2_AFG_CF3_v6_genomic.fna	NCBI RefSeq	2026-10-06
GCF_019175365.1_ASM1917536v1_genomic	data/genomes/ncbi_dataset/data/GCF_019175365.1/GCF_019175365.1_ASM1917536v1_genomic.fna	NCBI RefSeq	2026-10-06
GCF_019679435.2_ASM1967943v2_genomic	data/genomes/ncbi_dataset/data/GCF_019679435.2/GCF_019679435.2_ASM1967943v2_genomic.fna	NCBI RefSeq	2026-10-06
GCF_019974135.1_ASM1997413v1_genomic	data/genomes/ncbi_dataset/data/GCF_019974135.1/GCF_019974135.1_ASM1997413v1_genomic.fna	NCBI RefSeq	2026-10-06
GCF_020447305.1_ASM2044730v2_genomic	data/genomes/ncbi_dataset/data/GCF_020447305.1/GCF_020447305.1_ASM2044730v2_genomic.fna	NCBI RefSeq	2026-10-06
GCF_022647505.1_ASM2264750v1_genomic	data/genomes/ncbi_dataset/data/GCF_022647505.1/GCF_022647505.1_ASM2264750v1_genomic.fna	NCBI RefSeq	2026-10-06
GCF_022807975.1_ASM2280797v1_genomic	data/genomes/ncbi_dataset/data/GCF_022807975.1/GCF_022807975.1_ASM2280797v1_genomic.fna	NCBI RefSeq	2026-10-06
GCF_022845755.1_ASM2284575v1_genomic	data/genomes/ncbi_dataset/data/GCF_022845755.1/GCF_022845755.1_ASM2284575v1_genomic.fna	NCBI RefSeq	2026-10-06
GCF_023700225.1_ASM2370022v1_genomic	data/genomes/ncbi_dataset/data/GCF_023700225.1/GCF_023700225.1_ASM2370022v1_genomic.fna	NCBI RefSeq	2026-10-06
GCF_023824315.1_ASM2382431v1_genomic	data/genomes/ncbi_dataset/data/GCF_023824315.1/GCF_023824315.1_ASM2382431v1_genomic.fna	NCBI RefSeq	2026-10-06
GCF_023983615.1_ASM2398361v1_genomic	data/genomes/ncbi_dataset/data/GCF_023983615.1/GCF_023983615.1_ASM2398361v1_genomic.fna	NCBI RefSeq	2026-10-06
GCF_025144545.1_ASM2514454v1_genomic	data/genomes/ncbi_dataset/data/GCF_025144545.1/GCF_025144545.1_ASM2514454v1_genomic.fna	NCBI RefSeq	2026-10-06
GCF_025149125.1_ASM2514912v1_genomic	data/genomes/ncbi_dataset/data/GCF_025149125.1/GCF_025149125.1_ASM2514912v1_genomic.fna	NCBI RefSeq	2026-10-06
GCF_025152405.1_ASM2515240v1_genomic	data/genomes/ncbi_dataset/data/GCF_025152405.1/GCF_025152405.1_ASM2515240v1_genomic.fna	NCBI RefSeq	2026-10-06
GCF_028215975.1_ASM2821597v1_genomic	data/genomes/ncbi_dataset/data/GCF_028215975.1/GCF_028215975.1_ASM2821597v1_genomic.fna	NCBI RefSeq	2026-10-06
GCF_028596105.1_ASM2859610v1_genomic	data/genomes/ncbi_dataset/data/GCF_028596105.1/GCF_028596105.1_ASM2859610v1_genomic.fna	NCBI RefSeq	2026-10-06
GCF_029023725.1_ASM2902372v1_genomic	data/genomes/ncbi_dataset/data/GCF_029023725.1/GCF_029023725.1_ASM2902372v1_genomic.fna	NCBI RefSeq	2026-10-06
GCF_029024105.1_ASM2902410v1_genomic	data/genomes/ncbi_dataset/data/GCF_029024105.1/GCF_029024105.1_ASM2902410v1_genomic.fna	NCBI RefSeq	2026-10-06
GCF_029774155.1_ASM2977415v1_genomic	data/genomes/ncbi_dataset/data/GCF_029774155.1/GCF_029774155.1_ASM2977415v1_genomic.fna	NCBI RefSeq	2026-10-06
GCF_029866465.1_ASM2986646v1_genomic	data/genomes/ncbi_dataset/data/GCF_029866465.1/GCF_029866465.1_ASM2986646v1_genomic.fna	NCBI RefSeq	2026-10-06
GCF_030053775.1_ASM3005377v1_genomic	data/genomes/ncbi_dataset/data/GCF_030053775.1/GCF_030053775.1_ASM3005377v1_genomic.fna	NCBI RefSeq	2026-10-06
GCF_030252345.1_ASM3025234v1_genomic	data/genomes/ncbi_dataset/data/GCF_030252345.1/GCF_030252345.1_ASM3025234v1_genomic.fna	NCBI RefSeq	2026-10-06
GCF_030252425.1_ASM3025242v1_genomic	data/genomes/ncbi_dataset/data/GCF_030252425.1/GCF_030252425.1_ASM3025242v1_genomic.fna	NCBI RefSeq	2026-10-06
GCF_030253495.1_ASM3025349v1_genomic	data/genomes/ncbi_dataset/data/GCF_030253495.1/GCF_030253495.1_ASM3025349v1_genomic.fna	NCBI RefSeq	2026-10-06
GCF_030438365.2_ASM3043836v2_genomic	data/genomes/ncbi_dataset/data/GCF_030438365.2/GCF_030438365.2_ASM3043836v2_genomic.fna	NCBI RefSeq	2026-10-06
GCF_030439285.2_ASM3043928v2_genomic	data/genomes/ncbi_dataset/data/GCF_030439285.2/GCF_030439285.2_ASM3043928v2_genomic.fna	NCBI RefSeq	2026-10-06
GCF_030439725.2_ASM3043972v2_genomic	data/genomes/ncbi_dataset/data/GCF_030439725.2/GCF_030439725.2_ASM3043972v2_genomic.fna	NCBI RefSeq	2026-10-06
GCF_030440365.2_ASM3044036v2_genomic	data/genomes/ncbi_dataset/data/GCF_030440365.2/GCF_030440365.2_ASM3044036v2_genomic.fna	NCBI RefSeq	2026-10-06
GCF_030518655.1_ASM3051865v1_genomic	data/genomes/ncbi_dataset/data/GCF_030518655.1/GCF_030518655.1_ASM3051865v1_genomic.fna	NCBI RefSeq	2026-10-06
GCF_030762805.1_ASM3076280v1_genomic	data/genomes/ncbi_dataset/data/GCF_030762805.1/GCF_030762805.1_ASM3076280v1_genomic.fna	NCBI RefSeq	2026-10-06
GCF_030864005.1_ASM3086400v1_genomic	data/genomes/ncbi_dataset/data/GCF_030864005.1/GCF_030864005.1_ASM3086400v1_genomic.fna	NCBI RefSeq	2026-10-06
GCF_033097365.1_ASM3309736v1_genomic	data/genomes/ncbi_dataset/data/GCF_033097365.1/GCF_033097365.1_ASM3309736v1_genomic.fna	NCBI RefSeq	2026-10-06
GCF_035918135.1_ASM3591813v1_genomic	data/genomes/ncbi_dataset/data/GCF_035918135.1/GCF_035918135.1_ASM3591813v1_genomic.fna	NCBI RefSeq	2026-10-06
GCF_037081795.1_ASM3708179v1_genomic	data/genomes/ncbi_dataset/data/GCF_037081795.1/GCF_037081795.1_ASM3708179v1_genomic.fna	NCBI RefSeq	2026-10-06
GCF_037482225.1_ASM3748222v1_genomic	data/genomes/ncbi_dataset/data/GCF_037482225.1/GCF_037482225.1_ASM3748222v1_genomic.fna	NCBI RefSeq	2026-10-06
GCF_037619525.1_ASM3761952v1_genomic	data/genomes/ncbi_dataset/data/GCF_037619525.1/GCF_037619525.1_ASM3761952v1_genomic.fna	NCBI RefSeq	2026-10-06
GCF_039865415.1_ASM3986541v1_genomic	data/genomes/ncbi_dataset/data/GCF_039865415.1/GCF_039865415.1_ASM3986541v1_genomic.fna	NCBI RefSeq	2026-10-06
GCF_040267475.1_UoG_LM19R_1.0_genomic	data/genomes/ncbi_dataset/data/GCF_040267475.1/GCF_040267475.1_UoG_LM19R_1.0_genomic.fna	NCBI RefSeq	2026-10-06
GCF_041021895.1_XH1741_genomic	data/genomes/ncbi_dataset/data/GCF_041021895.1/GCF_041021895.1_XH1741_genomic.fna	NCBI RefSeq	2026-10-06
GCF_041021905.1_XH1679_genomic	data/genomes/ncbi_dataset/data/GCF_041021905.1/GCF_041021905.1_XH1679_genomic.fna	NCBI RefSeq	2026-10-06
GCF_041021915.1_XH1639_genomic	data/genomes/ncbi_dataset/data/GCF_041021915.1/GCF_041021915.1_XH1639_genomic.fna	NCBI RefSeq	2026-10-06
GCF_041897805.1_ASM4189780v1_genomic	data/genomes/ncbi_dataset/data/GCF_041897805.1/GCF_041897805.1_ASM4189780v1_genomic.fna	NCBI RefSeq	2026-10-06
GCF_042847045.1_ASM4284704v1_genomic	data/genomes/ncbi_dataset/data/GCF_042847045.1/GCF_042847045.1_ASM4284704v1_genomic.fna	NCBI RefSeq	2026-10-06
GCF_042984175.1_ASM4298417v1_genomic	data/genomes/ncbi_dataset/data/GCF_042984175.1/GCF_042984175.1_ASM4298417v1_genomic.fna	NCBI RefSeq	2026-10-06
GCF_047130825.1_ASM4713082v1_genomic	data/genomes/ncbi_dataset/data/GCF_047130825.1/GCF_047130825.1_ASM4713082v1_genomic.fna	NCBI RefSeq	2026-10-06
GCF_047300875.1_ASM4730087v1_genomic	data/genomes/ncbi_dataset/data/GCF_047300875.1/GCF_047300875.1_ASM4730087v1_genomic.fna	NCBI RefSeq	2026-10-06
GCF_047456275.1_118465_genomic	data/genomes/ncbi_dataset/data/GCF_047456275.1/GCF_047456275.1_118465_genomic.fna	NCBI RefSeq	2026-10-06
GCF_047456285.1_57435_genomic	data/genomes/ncbi_dataset/data/GCF_047456285.1/GCF_047456285.1_57435_genomic.fna	NCBI RefSeq	2026-10-06
GCF_047936785.1_ASM4793678v1_genomic	data/genomes/ncbi_dataset/data/GCF_047936785.1/GCF_047936785.1_ASM4793678v1_genomic.fna	NCBI RefSeq	2026-10-06
GCF_049311605.1_LHW52806_genomic	data/genomes/ncbi_dataset/data/GCF_049311605.1/GCF_049311605.1_LHW52806_genomic.fna	NCBI RefSeq	2026-10-06
GCF_050626955.1_37c5_bc2082_genomic	data/genomes/ncbi_dataset/data/GCF_050626955.1/GCF_050626955.1_37c5_bc2082_genomic.fna	NCBI RefSeq	2026-10-06
GCF_050948385.1_MDNA_WGS_251_assembly_genomic	data/genomes/ncbi_dataset/data/GCF_050948385.1/GCF_050948385.1_MDNA_WGS_251_assembly_genomic.fna	NCBI RefSeq	2026-10-06
GCF_054457475.1_ASM5445747v1_genomic	data/genomes/ncbi_dataset/data/GCF_054457475.1/GCF_054457475.1_ASM5445747v1_genomic.fna	NCBI RefSeq	2026-10-06
GCF_055379765.1_ASM5537976v1_genomic	data/genomes/ncbi_dataset/data/GCF_055379765.1/GCF_055379765.1_ASM5537976v1_genomic.fna	NCBI RefSeq	2026-10-06
GCF_055383125.1_ASM5538312v1_genomic	data/genomes/ncbi_dataset/data/GCF_055383125.1/GCF_055383125.1_ASM5538312v1_genomic.fna	NCBI RefSeq	2026-10-06
GCF_055384605.1_ASM5538460v1_genomic	data/genomes/ncbi_dataset/data/GCF_055384605.1/GCF_055384605.1_ASM5538460v1_genomic.fna	NCBI RefSeq	2026-10-06
GCF_055386145.1_ASM5538614v1_genomic	data/genomes/ncbi_dataset/data/GCF_055386145.1/GCF_055386145.1_ASM5538614v1_genomic.fna	NCBI RefSeq	2026-10-06
GCF_056716105.1_ASM5671610v1_genomic	data/genomes/ncbi_dataset/data/GCF_056716105.1/GCF_056716105.1_ASM5671610v1_genomic.fna	NCBI RefSeq	2026-10-06
GCF_056858255.1_ASM5685825v1_genomic	data/genomes/ncbi_dataset/data/GCF_056858255.1/GCF_056858255.1_ASM5685825v1_genomic.fna	NCBI RefSeq	2026-10-06
GCF_056862845.1_ASM5686284v1_genomic	data/genomes/ncbi_dataset/data/GCF_056862845.1/GCF_056862845.1_ASM5686284v1_genomic.fna	NCBI RefSeq	2026-10-06
GCF_057837225.1_ASM5783722v1_genomic	data/genomes/ncbi_dataset/data/GCF_057837225.1/GCF_057837225.1_ASM5783722v1_genomic.fna	NCBI RefSeq	2026-10-06
GCF_058743305.1_ASM5874330v1_genomic	data/genomes/ncbi_dataset/data/GCF_058743305.1/GCF_058743305.1_ASM5874330v1_genomic.fna	NCBI RefSeq	2026-10-06
GCF_059731855.1_ASM5973185v1_genomic	data/genomes/ncbi_dataset/data/GCF_059731855.1/GCF_059731855.1_ASM5973185v1_genomic.fna	NCBI RefSeq	2026-10-06
GCF_900636745.1_44087_C02_genomic	data/genomes/ncbi_dataset/data/GCF_900636745.1/GCF_900636745.1_44087_C02_genomic.fna	NCBI RefSeq	2026-10-06
GCF_900637165.1_49699_G02_genomic	data/genomes/ncbi_dataset/data/GCF_900637165.1/GCF_900637165.1_49699_G02_genomic.fna	NCBI RefSeq	2026-10-06
GCF_900637265.1_50432_C01_genomic	data/genomes/ncbi_dataset/data/GCF_900637265.1/GCF_900637265.1_50432_C01_genomic.fna	NCBI RefSeq	2026-10-06
GCF_900637295.1_50477_G01_genomic	data/genomes/ncbi_dataset/data/GCF_900637295.1/GCF_900637295.1_50477_G01_genomic.fna	NCBI RefSeq	2026-10-06
GCF_900637975.1_53550_F01_genomic	data/genomes/ncbi_dataset/data/GCF_900637975.1/GCF_900637975.1_53550_F01_genomic.fna	NCBI RefSeq	2026-10-06
GCF_900638385.1_57566_E02_genomic	data/genomes/ncbi_dataset/data/GCF_900638385.1/GCF_900638385.1_57566_E02_genomic.fna	NCBI RefSeq	2026-10-06
GCF_900660755.1_57792_F01-3_genomic	data/genomes/ncbi_dataset/data/GCF_900660755.1/GCF_900660755.1_57792_F01-3_genomic.fna	NCBI RefSeq	2026-10-06
GCF_902729405.1_GenomeAssemblyPeptococcaceaeBacteriumINE_genomic	data/genomes/ncbi_dataset/data/GCF_902729405.1/GCF_902729405.1_GenomeAssemblyPeptococcaceaeBacteriumINE_genomic.fna	NCBI RefSeq	2026-10-06
GCF_940677205.1_DSM6011_genomic	data/genomes/ncbi_dataset/data/GCF_940677205.1/GCF_940677205.1_DSM6011_genomic.fna	NCBI RefSeq	2026-10-06
GCF_963378075.1_MU0083_Flye_MinION_genomic	data/genomes/ncbi_dataset/data/GCF_963378075.1/GCF_963378075.1_MU0083_Flye_MinION_genomic.fna	NCBI RefSeq	2026-10-06
GCF_963378085.1_MU0050_Flye_MinION_genomic	data/genomes/ncbi_dataset/data/GCF_963378085.1/GCF_963378085.1_MU0050_Flye_MinION_genomic.fna	NCBI RefSeq	2026-10-06
GCF_963378095.1_MU0053_Flye_MinION.2_genomic	data/genomes/ncbi_dataset/data/GCF_963378095.1/GCF_963378095.1_MU0053_Flye_MinION.2_genomic.fna	NCBI RefSeq	2026-10-06
GCF_963378105.1_MU0102_Flye_MinION_genomic	data/genomes/ncbi_dataset/data/GCF_963378105.1/GCF_963378105.1_MU0102_Flye_MinION_genomic.fna	NCBI RefSeq	2026-10-06
GCF_965112945.1_acanthopleuribacter_pedis_genomic	data/genomes/ncbi_dataset/data/GCF_965112945.1/GCF_965112945.1_acanthopleuribacter_pedis_genomic.fna	NCBI RefSeq	2026-10-06
GCF_965286225.1_AOVUBH056E3_assembly_genomic	data/genomes/ncbi_dataset/data/GCF_965286225.1/GCF_965286225.1_AOVUBH056E3_assembly_genomic.fna	NCBI RefSeq	2026-10-06
GCF_965286365.1_ACVUBH039E5_assembly_genomic	data/genomes/ncbi_dataset/data/GCF_965286365.1/GCF_965286365.1_ACVUBH039E5_assembly_genomic.fna	NCBI RefSeq	2026-10-06
