similarity,md5,filename,name,query_filename,query_name,query_md5,ani
0.006633085631639319,9f095ed66d080abeeb0efc65d6bdfeaa,/workspaces/midterm_sabina_bio/data/sketches_500.sig.zip,"NZ_CP101044.1 Citrobacter braakii strain OT113 chromosome, complete genome",data/sub/ill_1.fastq.gz,,fa77d704,0.869662586996398
0.006556556556556557,372d3e4c69ba4773d51c0f3d0c305776,/workspaces/midterm_sabina_bio/data/sketches_500.sig.zip,"NZ_CP183064.1 Citrobacter braakii strain FAHZZU5618 chromosome, complete genome",data/sub/ill_1.fastq.gz,,fa77d704,0.8693392301939232
0.006394389438943895,33edea0e6072091fc1c529920a6761fa,/workspaces/midterm_sabina_bio/data/sketches_500.sig.zip,"NZ_CP086287.1 Citrobacter freundii strain DY2010 chromosome, complete genome",data/sub/ill_1.fastq.gz,,fa77d704,0.8686416980192475
0.006207966890843249,7e68f0ed62559314c52b7c9c48d86ef4,/workspaces/midterm_sabina_bio/data/sketches_500.sig.zip,"NZ_CP137179.1 Citrobacter freundii strain F4321 chromosome, complete genome",data/sub/ill_1.fastq.gz,,fa77d704,0.8678182169494232
0.0062047569803516025,615af2e74247471b03b62b7299c7ad00,/workspaces/midterm_sabina_bio/data/sketches_500.sig.zip,"NZ_CP056365.1 Citrobacter freundii strain RHBSTW-00658 chromosome, complete genome",data/sub/ill_1.fastq.gz,,fa77d704,0.8678038278954191
0.006083764895168184,631183fbac6a8c98cd84f21a9facb88e,/workspaces/midterm_sabina_bio/data/sketches_500.sig.zip,"NZ_CP141645.1 Citrobacter freundii strain NFYY328 chromosome, complete genome",data/sub/ill_1.fastq.gz,,fa77d704,0.867256101144221
0.006054439074026965,4cf1faaba0b309ab09a6586edd6db726,/workspaces/midterm_sabina_bio/data/sketches_500.sig.zip,"NZ_CP016952.1 Citrobacter freundii strain SL151 chromosome, complete genome",data/sub/ill_1.fastq.gz,,fa77d704,0.8671217470787252
0.006050351228016203,2a9508f0ef00ef3fcc22c69fdfef5357,/workspaces/midterm_sabina_bio/data/sketches_500.sig.zip,"NZ_CP117475.1 Citrobacter freundii strain BC73 chromosome, complete genome",data/sub/ill_1.fastq.gz,,fa77d704,0.8671029686023537
0.0060078723845038325,e602e8417a5e13cded51c9bde90ddfc7,/workspaces/midterm_sabina_bio/data/sketches_500.sig.zip,"NZ_CM143425.1 Citrobacter braakii strain TH15 chromosome, whole genome shotgun sequence",data/sub/ill_1.fastq.gz,,fa77d704,0.8669070974271873
0.005996239646323492,4f0875f407dbf570398664edc7a6ac69,/workspaces/midterm_sabina_bio/data/sketches_500.sig.zip,"NZ_CP135622.1 Citrobacter freundii strain 202212 chromosome, complete genome",data/sub/ill_1.fastq.gz,,fa77d704,0.8668532232627663
0.005984379754539,975d0ccd2542ee80fed16064965e622d,/workspaces/midterm_sabina_bio/data/sketches_500.sig.zip,"NZ_CM129778.1 Citrobacter freundii strain CB00028 chromosome, whole genome shotgun sequence",data/sub/ill_1.fastq.gz,,fa77d704,0.866798192201974
0.005954230092161126,dd2faf98f2402f3f20547e68ecc9c704,/workspaces/midterm_sabina_bio/data/sketches_500.sig.zip,"NZ_CP126329.1 Citrobacter braakii strain THB2 chromosome, complete genome",data/sub/ill_1.fastq.gz,,fa77d704,0.8666578151807551
0.005870042366392731,14f45844457764ec5e2976241e3bd030,/workspaces/midterm_sabina_bio/data/sketches_500.sig.zip,"NZ_CP055588.1 Citrobacter freundii strain RHBSTW-00084 chromosome, complete genome",data/sub/ill_1.fastq.gz,,fa77d704,0.86626214029546
0.005829114894922534,d9874dddf0fb42f0067821fc2a06ecfd,/workspaces/midterm_sabina_bio/data/sketches_500.sig.zip,"NZ_CP055421.1 Citrobacter freundii strain RHBSTW-00862 chromosome, complete genome",data/sub/ill_1.fastq.gz,,fa77d704,0.8660677842780822
0.005825342818847304,e962e7b19cd2327bf7254074dd8cf224,/workspaces/midterm_sabina_bio/data/sketches_500.sig.zip,"NZ_CP124813.1 Citrobacter freundii strain CF12 chromosome, complete genome",data/sub/ill_1.fastq.gz,,fa77d704,0.8660498046510929
0.005802412582073599,bc5a4cf1b8491b5bb16e1e38ca08d6d2,/workspaces/midterm_sabina_bio/data/sketches_500.sig.zip,"NZ_CP055582.1 Citrobacter freundii strain RHBSTW-00110 chromosome, complete genome",data/sub/ill_1.fastq.gz,,fa77d704,0.8659402629963203
0.0057932716739506045,9dfeb006fb92bcead45c3ab3baea9a82,/workspaces/midterm_sabina_bio/data/sketches_500.sig.zip,"NZ_CP136047.1 Citrobacter freundii strain CPO20180081 chromosome, complete genome",data/sub/ill_1.fastq.gz,,fa77d704,0.8658964777690302
0.005775324542573852,c6a15875dc24c781dce06b83040b96c6,/workspaces/midterm_sabina_bio/data/sketches_500.sig.zip,"NZ_CP047275.1 Citrobacter freundii strain N18-04085 chromosome, complete genome",data/sub/ill_1.fastq.gz,,fa77d704,0.865810314425294
0.005772669220945083,db3e4de6be6fa9a67122efc7812eed42,/workspaces/midterm_sabina_bio/data/sketches_500.sig.zip,"NZ_CP047279.1 Citrobacter freundii strain N18-04128 chromosome, complete genome",data/sub/ill_1.fastq.gz,,fa77d704,0.8657975442149418
0.005766895993524888,8576d18d8271b43c5adbaff6dcd6939c,/workspaces/midterm_sabina_bio/data/sketches_500.sig.zip,"NZ_CP115065.1 Citrobacter freundii strain 2022CK-00275 chromosome, complete genome",data/sub/ill_1.fastq.gz,,fa77d704,0.8657697593458168
0.0057192462850431496,1675acdceea82e3a3daffa6630a92bb0,/workspaces/midterm_sabina_bio/data/sketches_500.sig.zip,"NZ_CP115052.1 Citrobacter freundii strain 2021CK-01442 chromosome, complete genome",data/sub/ill_1.fastq.gz,,fa77d704,0.8655393954354698
0.0057163272597356195,40582568f6b93bc198903c37e7437275,/workspaces/midterm_sabina_bio/data/sketches_500.sig.zip,"NZ_CP096921.1 Citrobacter freundii strain NY2385 chromosome, complete genome",data/sub/ill_1.fastq.gz,,fa77d704,0.865525222644777
0.005672609400324149,56f4281c6a8a0dec44e9149d78f5958b,/workspaces/midterm_sabina_bio/data/sketches_500.sig.zip,"NZ_CP115129.1 Citrobacter freundii strain 2021CK-01443 chromosome, complete genome",data/sub/ill_1.fastq.gz,,fa77d704,0.8653121114059179
0.005672609400324149,b1bd911a0d8da0eb892de3a656b95425,/workspaces/midterm_sabina_bio/data/sketches_500.sig.zip,"NZ_CP046502.1 Citrobacter freundii strain 111 chromosome, complete genome",data/sub/ill_1.fastq.gz,,fa77d704,0.8653121114059179
0.005652039872572192,51ebf9844dd5b0cb9720d5ea9a129b6c,/workspaces/midterm_sabina_bio/data/sketches_500.sig.zip,"NZ_CP048382.1 Citrobacter freundii strain 62 chromosome, complete genome",data/sub/ill_1.fastq.gz,,fa77d704,0.8652112874712534
0.00564397213606549,2b30ae929c4919f180a83dca18c7d819,/workspaces/midterm_sabina_bio/data/sketches_500.sig.zip,"NZ_CP115060.1 Citrobacter freundii strain 2020CK-00252 chromosome, complete genome",data/sub/ill_1.fastq.gz,,fa77d704,0.8651716449592293
0.005620273860617208,5a4d4d8ee88f377eaed80315f2da364a,/workspaces/midterm_sabina_bio/data/sketches_500.sig.zip,"NZ_CP092493.1 Citrobacter freundii strain SCLZS47 chromosome, complete genome",data/sub/ill_1.fastq.gz,,fa77d704,0.8650548786927276
0.005615419638791926,e56c2447135161e94336c4e0949e301a,/workspaces/midterm_sabina_bio/data/sketches_500.sig.zip,"NZ_CP110900.1 Citrobacter freundii strain CF2206 chromosome, complete genome",data/sub/ill_1.fastq.gz,,fa77d704,0.8650309018092391
0.005611729019211325,cd8d799c02387e444cc23c8727bedbfb,/workspaces/midterm_sabina_bio/data/sketches_500.sig.zip,"NZ_CP115056.1 Citrobacter freundii strain 2021CK-01310 chromosome, complete genome",data/sub/ill_1.fastq.gz,,fa77d704,0.8650126589023475
0.0056065239551478085,2424edb3365f7987d54d83d9570b1e0b,/workspaces/midterm_sabina_bio/data/sketches_500.sig.zip,"NZ_CP137175.1 Citrobacter freundii strain F3517 chromosome, complete genome",data/sub/ill_1.fastq.gz,,fa77d704,0.8649869101626902
0.005596631751899774,b811bfe41f35c850abdc468811e790aa,/workspaces/midterm_sabina_bio/data/sketches_500.sig.zip,"NZ_CP040698.1 Citrobacter freundii strain R47 chromosome R47, complete sequence",data/sub/ill_1.fastq.gz,,fa77d704,0.8649379105821561
0.0055908513341804324,cf7d91cb56aab0fbe4b7b3da8c04ec7f,/workspaces/midterm_sabina_bio/data/sketches_500.sig.zip,"NZ_CP011612.1 Citrobacter freundii strain CAV1321 chromosome, complete genome",data/sub/ill_1.fastq.gz,,fa77d704,0.8649092390867112
0.005584606792912626,a773b4ea25f64d0a8bfd5482c6552e20,/workspaces/midterm_sabina_bio/data/sketches_500.sig.zip,"NZ_CP114249.1 Citrobacter braakii strain V22220114 chromosome, complete genome",data/sub/ill_1.fastq.gz,,fa77d704,0.8648782330441909
0.005562016483794306,d141f652ddf4aa102f0baeb3b0ef4167,/workspaces/midterm_sabina_bio/data/sketches_500.sig.zip,"NZ_CP110775.1 Citrobacter freundii strain Cf-Emp chromosome, complete genome",data/sub/ill_1.fastq.gz,,fa77d704,0.8647657827117144
0.00555668841761827,36d08409658d9d2af933460b79f6ae8d,/workspaces/midterm_sabina_bio/data/sketches_500.sig.zip,"NZ_CP047273.1 Citrobacter freundii strain N18-04078 chromosome, complete genome",data/sub/ill_1.fastq.gz,,fa77d704,0.8647391958024875
0.005541151949570434,1fdbfa0241c58029a988409fe0081d77,/workspaces/midterm_sabina_bio/data/sketches_500.sig.zip,"NZ_CP016762.1 Citrobacter freundii strain B38 chromosome, complete genome",data/sub/ill_1.fastq.gz,,fa77d704,0.8646615273153113
0.005529953917050691,4f3c90bb1c60194ec5fce1e9b2669719,/workspaces/midterm_sabina_bio/data/sketches_500.sig.zip,"NZ_CP055247.1 Citrobacter freundii strain ZY198 chromosome, complete genome",data/sub/ill_1.fastq.gz,,fa77d704,0.864605415569077
0.005529953917050691,455d35788dc9be7b92155b6bd2d9f284,/workspaces/midterm_sabina_bio/data/sketches_500.sig.zip,"NZ_CP056527.1 Citrobacter freundii strain RHBSTW-00435 chromosome, complete genome",data/sub/ill_1.fastq.gz,,fa77d704,0.864605415569077
0.005523182163668609,8ad78840017ec5719dad9fe6bd7b4a6b,/workspaces/midterm_sabina_bio/data/sketches_500.sig.zip,"NZ_AP026940.1 Citrobacter freundii strain CF20-4P-1 isolate gut contents of Mastacembelus chromosome, complete genome",data/sub/ill_1.fastq.gz,,fa77d704,0.8645714295858629
0.005522902310498581,dbc794f7af2b5fd361634476f24a32a3,/workspaces/midterm_sabina_bio/data/sketches_500.sig.zip,"NZ_CP070559.1 Citrobacter freundii strain CF50935 chromosome, complete genome",data/sub/ill_1.fastq.gz,,fa77d704,0.8645700241899953
0.005519447023625296,14d0d7807cae3a0916e6e8b15577281a,/workspaces/midterm_sabina_bio/data/sketches_500.sig.zip,"NZ_CP124809.1 Citrobacter freundii strain CF13 chromosome, complete genome",data/sub/ill_1.fastq.gz,,fa77d704,0.8645526663557166
0.0055153754097507675,7810834a75676f18e20dbe6860b94347,/workspaces/midterm_sabina_bio/data/sketches_500.sig.zip,"NZ_CP024673.1 Citrobacter freundii strain UMH19 chromosome, complete genome",data/sub/ill_1.fastq.gz,,fa77d704,0.864532198786076
0.005511610104618525,9045255c24ffe21bc4e80a4974477179,/workspaces/midterm_sabina_bio/data/sketches_500.sig.zip,"NZ_CP126536.1 Citrobacter freundii strain CRNMS1 chromosome, complete genome",data/sub/ill_1.fastq.gz,,fa77d704,0.8645132579038484
0.005510485228838206,162dc83b23a915afa7473771e2388acb,/workspaces/midterm_sabina_bio/data/sketches_500.sig.zip,"NZ_CP137133.1 Citrobacter freundii strain F3419 chromosome, complete genome",data/sub/ill_1.fastq.gz,,fa77d704,0.8645075969176544
0.005505990313535559,120892494873a6a234b11de6227bc43d,/workspaces/midterm_sabina_bio/data/sketches_500.sig.zip,"NZ_CP056505.1 Citrobacter freundii strain RHBSTW-00449 chromosome, complete genome",data/sub/ill_1.fastq.gz,,fa77d704,0.8644849648277076
0.005495623855078364,985207e72f1189a230e506bb1c45f814,/workspaces/midterm_sabina_bio/data/sketches_500.sig.zip,"NZ_CP047269.1 Citrobacter freundii strain N16-03880 chromosome, complete genome",data/sub/ill_1.fastq.gz,,fa77d704,0.8644327006255332
0.005492549458373595,11adbf60046c17ac7c45638f71a03564,/workspaces/midterm_sabina_bio/data/sketches_500.sig.zip,"NZ_CP038653.1 Citrobacter freundii strain 154 chromosome, complete genome",data/sub/ill_1.fastq.gz,,fa77d704,0.8644171820988724
0.005489994869163674,adadea4ea3dea1e059d1ac93b1c2dcce,/workspaces/midterm_sabina_bio/data/sketches_500.sig.zip,"NZ_CP035276.1 Citrobacter freundii strain R17 chromosome, complete genome",data/sub/ill_1.fastq.gz,,fa77d704,0.8644042809536749
0.005485296358372695,c68c3161492084783b1a26159afd80b2,/workspaces/midterm_sabina_bio/data/sketches_500.sig.zip,"NZ_CP038656.1 Citrobacter freundii strain 565 chromosome, complete genome",data/sub/ill_1.fastq.gz,,fa77d704,0.8643805373458885
0.005484929259790855,430c6abd4001d7ed3c359f8da22cc7f3,/workspaces/midterm_sabina_bio/data/sketches_500.sig.zip,"NZ_CM129810.1 Citrobacter braakii strain CB00017 chromosome, whole genome shotgun sequence",data/sub/ill_1.fastq.gz,,fa77d704,0.8643786814042398
0.005478062389043875,c5d2593c886b3f4fce8b7939297d3afc,/workspaces/midterm_sabina_bio/data/sketches_500.sig.zip,"NZ_CP115099.1 Citrobacter freundii strain 2022CK-00246 chromosome, complete genome",data/sub/ill_1.fastq.gz,,fa77d704,0.864343942238404
0.005477506720089263,7dd95f74d5d04d25afe328879fdd4e81,/workspaces/midterm_sabina_bio/data/sketches_500.sig.zip,"NZ_CP070544.1 Citrobacter freundii strain CF48846 chromosome, complete genome",data/sub/ill_1.fastq.gz,,fa77d704,0.8643411292826629
0.005468867593196528,a4c33cc0501b53cbf4ebb29cf83fbb09,/workspaces/midterm_sabina_bio/data/sketches_500.sig.zip,"NZ_CP169377.1 Citrobacter braakii strain WF0082 chromosome, complete genome",data/sub/ill_1.fastq.gz,,fa77d704,0.8642973597771998
0.005448766459815347,4f5bb8efe03314fb0464563bde5e79a9,/workspaces/midterm_sabina_bio/data/sketches_500.sig.zip,"NZ_CP137201.1 Citrobacter freundii strain F3221 chromosome, complete genome",data/sub/ill_1.fastq.gz,,fa77d704,0.8641952578232363
0.005444920594907991,c0d6a1e9786fbe5915315b1296e4c08f,/workspaces/midterm_sabina_bio/data/sketches_500.sig.zip,"NZ_CP115071.1 Citrobacter freundii strain 2022CK-00382 chromosome, complete genome",data/sub/ill_1.fastq.gz,,fa77d704,0.8641756813121578
0.005444363787203152,bcdb07fb3a762065c32e5ce2ce27ce65,/workspaces/midterm_sabina_bio/data/sketches_500.sig.zip,"NZ_CP099291.1 Citrobacter freundii strain RHB03-E1-C03 chromosome, complete genome",data/sub/ill_1.fastq.gz,,fa77d704,0.8641728458923917
0.005440978339724324,5c97087f1f9f0776c8efbf1f1a12f149,/workspaces/midterm_sabina_bio/data/sketches_500.sig.zip,"NZ_CP056595.1 Citrobacter freundii strain RHBSTW-00342 chromosome, complete genome",data/sub/ill_1.fastq.gz,,fa77d704,0.864155600174303
0.0054339467883323936,238c2c7d7ebb16bf85243e589d3287cd,/workspaces/midterm_sabina_bio/data/sketches_500.sig.zip,"NZ_CP135469.1 Citrobacter freundii strain isolateG chromosome, complete genome",data/sub/ill_1.fastq.gz,,fa77d704,0.8641197475360812
0.005428716387620497,7868b56ecca8181d389433304ee0fca2,/workspaces/midterm_sabina_bio/data/sketches_500.sig.zip,"NZ_CP092463.1 Citrobacter freundii strain Cf7308 chromosome, complete genome",data/sub/ill_1.fastq.gz,,fa77d704,0.8640930493478437
0.005417607223476298,9c706bc5381ea6db43496b1c945913cd,/workspaces/midterm_sabina_bio/data/sketches_500.sig.zip,"NZ_CP119048.1 Citrobacter freundii strain 26019 chromosome, complete genome",data/sub/ill_1.fastq.gz,,fa77d704,0.8640362602937665
0.005405967356274041,4cae2445dc7653f22add4245fedddb70,/workspaces/midterm_sabina_bio/data/sketches_500.sig.zip,"NZ_CP056592.1 Citrobacter freundii strain RHBSTW-00350 chromosome, complete genome",data/sub/ill_1.fastq.gz,,fa77d704,0.8639766366116455
0.005404586321850692,57b6c5936884ce31fceaf8036b625f77,/workspaces/midterm_sabina_bio/data/sketches_500.sig.zip,"NZ_CP038658.1 Citrobacter freundii strain 680 chromosome, complete genome",data/sub/ill_1.fastq.gz,,fa77d704,0.8639695541549345
0.005395960737961869,adfbf2044a70cbba66556c775567ecd8,/workspaces/midterm_sabina_bio/data/sketches_500.sig.zip,"NZ_CP137195.1 Citrobacter freundii strain F2021 chromosome, complete genome",data/sub/ill_1.fastq.gz,,fa77d704,0.8639252790646359
0.005387000050820755,ea32da6b02a2f30695cc75f3cf502ed6,/workspaces/midterm_sabina_bio/data/sketches_500.sig.zip,"NZ_CP056256.1 Citrobacter freundii strain RHBSTW-00902 chromosome, complete genome",data/sub/ill_1.fastq.gz,,fa77d704,0.8638792108806639
0.005386726293322492,a6b68940ab8d796dd4c0c9e33a32cb0f,/workspaces/midterm_sabina_bio/data/sketches_500.sig.zip,"NZ_CP056238.1 Citrobacter freundii strain RHBSTW-00935 chromosome, complete genome",data/sub/ill_1.fastq.gz,,fa77d704,0.8638778022801329
0.00538654901759606,883bd59956659be962542bddbd62f8a5,/workspaces/midterm_sabina_bio/data/sketches_500.sig.zip,"NZ_CP054294.1 Citrobacter freundii strain IDR1800045912-01-00 chromosome, complete genome",data/sub/ill_1.fastq.gz,,fa77d704,0.863876890082809
0.005379618351603735,53d160cc04399650780b1cdfcbf996d2,/workspaces/midterm_sabina_bio/data/sketches_500.sig.zip,"NZ_CP125310.1 Citrobacter freundii strain CF5125 chromosome, complete genome",data/sub/ill_1.fastq.gz,,fa77d704,0.8638412044405899
0.005376619386553331,5053a2289de0c23b9197181dd6549aaf,/workspaces/midterm_sabina_bio/data/sketches_500.sig.zip,"NZ_CP047307.1 Citrobacter freundii strain L75 chromosome, complete genome",data/sub/ill_1.fastq.gz,,fa77d704,0.8638257490520771
0.005370513813581203,e96cb36e8fc08bb6bf5382b08bf587cf,/workspaces/midterm_sabina_bio/data/sketches_500.sig.zip,"NZ_CP056208.1 Citrobacter freundii strain RHBSTW-00985 chromosome, complete genome",data/sub/ill_1.fastq.gz,,fa77d704,0.8637942575837996
0.00536464395971456,155adb4c47b5a3defca2612ce6c06568,/workspaces/midterm_sabina_bio/data/sketches_500.sig.zip,"NZ_CP022151.1 Citrobacter freundii strain 705SK3 chromosome, complete genome",data/sub/ill_1.fastq.gz,,fa77d704,0.8637639490435172
0.005347321246689753,af3e0dab53b187ecfbb1bf55520dc825,/workspaces/midterm_sabina_bio/data/sketches_500.sig.zip,"NZ_CP070549.1 Citrobacter freundii strain CF49969 chromosome, complete genome",data/sub/ill_1.fastq.gz,,fa77d704,0.8636743160063135
0.005345990507119661,36a42d6d63353272ce349b39567b7e68,/workspaces/midterm_sabina_bio/data/sketches_500.sig.zip,"NZ_CP115614.1 Citrobacter freundii strain 2022CK-00369 chromosome, complete genome",data/sub/ill_1.fastq.gz,,fa77d704,0.8636674186671911
0.005335094761445049,9b5172a9a1212c47cf365515a9b4bcee,/workspaces/midterm_sabina_bio/data/sketches_500.sig.zip,"NZ_CP042524.1 Citrobacter freundii strain E11 chromosome, complete genome",data/sub/ill_1.fastq.gz,,fa77d704,0.863610882136723
0.005321529815487144,a73869f208b477bffe64abd95a99e205,/workspaces/midterm_sabina_bio/data/sketches_500.sig.zip,"NZ_CP114564.1 Citrobacter freundii strain 2953647 chromosome, complete genome",data/sub/ill_1.fastq.gz,,fa77d704,0.8635403382484338
0.005315110098709187,1eee6872b436c96f0ee9f32cc175b8c9,/workspaces/midterm_sabina_bio/data/sketches_500.sig.zip,"NZ_CP058318.1 Citrobacter freundii strain M92 chromosome, complete genome",data/sub/ill_1.fastq.gz,,fa77d704,0.8635068917707448
0.005305315718298138,c5149036bb80fee515ba57f1be6b810a,/workspaces/midterm_sabina_bio/data/sketches_500.sig.zip,"NZ_CP071265.1 Citrobacter freundii strain MEI002 chromosome, complete genome",data/sub/ill_1.fastq.gz,,fa77d704,0.8634557876023283
0.005296664120193532,6b62f07be85c818ee0f69bbecbc179f8,/workspaces/midterm_sabina_bio/data/sketches_500.sig.zip,"NZ_CP137128.1 Citrobacter freundii strain F3121 chromosome, complete genome",data/sub/ill_1.fastq.gz,,fa77d704,0.8634105697028269
0.00529500756429652,87863e9bb236c9ec4707bbc566b1ab6d,/workspaces/midterm_sabina_bio/data/sketches_500.sig.zip,"NZ_CP110914.1 Citrobacter freundii strain CFA1707 chromosome, complete genome",data/sub/ill_1.fastq.gz,,fa77d704,0.8634019034533363
0.005294776499338153,cf6035d5094d7e6d46ab3b7007f06aaf,/workspaces/midterm_sabina_bio/data/sketches_500.sig.zip,"NZ_CP137123.1 Citrobacter freundii strain F3021 chromosome, complete genome",data/sub/ill_1.fastq.gz,,fa77d704,0.8634006944304896
0.005294268825494731,18995dc986bc6986c69851baedd2661f,/workspaces/midterm_sabina_bio/data/sketches_500.sig.zip,"NZ_CP054278.1 Citrobacter freundii strain IDR1900015725-01-02 chromosome, complete genome",data/sub/ill_1.fastq.gz,,fa77d704,0.8633980379006886
0.005286433182534438,a575f719bb38b64dc0f85c05cdd78e90,/workspaces/midterm_sabina_bio/data/sketches_500.sig.zip,"NZ_CP101080.1 Citrobacter cronae strain OT130 chromosome, complete genome",data/sub/ill_1.fastq.gz,,fa77d704,0.8633570044764718
0.005286069651741294,8d9282c3652c43060006d05c8deec9d4,/workspaces/midterm_sabina_bio/data/sketches_500.sig.zip,"NZ_CP056466.1 Citrobacter freundii strain RHBSTW-00486 chromosome, complete genome",data/sub/ill_1.fastq.gz,,fa77d704,0.8633550993145606
0.005279034690799397,d2e104a85853541d9cb942059a7004c3,/workspaces/midterm_sabina_bio/data/sketches_500.sig.zip,"NZ_CP110894.1 Citrobacter freundii strain CF1807 chromosome, complete genome",data/sub/ill_1.fastq.gz,,fa77d704,0.8633182059468467
0.005278238576383653,263aa19d297d0d8edbcfab6d64ff4c70,/workspaces/midterm_sabina_bio/data/sketches_500.sig.zip,"NZ_CP137183.1 Citrobacter freundii strain F1917 chromosome, complete genome",data/sub/ill_1.fastq.gz,,fa77d704,0.8633140278796275
0.005266146935825288,1caa30be24027171ba15b97e9e0d2107,/workspaces/midterm_sabina_bio/data/sketches_500.sig.zip,"NZ_CP056245.1 Citrobacter freundii strain RHBSTW-00915 chromosome, complete genome",data/sub/ill_1.fastq.gz,,fa77d704,0.863250494553329
0.005239191108064437,be81b5429b546f51e0af4204e40b2a30,/workspaces/midterm_sabina_bio/data/sketches_500.sig.zip,"NZ_CP101082.1 Citrobacter braakii strain OT129 chromosome, complete genome",data/sub/ill_1.fastq.gz,,fa77d704,0.863108347538777
0.005223918446011056,254eedba37f0135a1e7328f3416b5631,/workspaces/midterm_sabina_bio/data/sketches_500.sig.zip,"NZ_CP098330.1 Citrobacter freundii strain 59174 chromosome, complete genome",data/sub/ill_1.fastq.gz,,fa77d704,0.8630274935513467
0.0052028615738656265,83c406493a6139bd7401c3084fc87f70,/workspaces/midterm_sabina_bio/data/sketches_500.sig.zip,"NZ_CP142904.1 Citrobacter freundii strain B18196 chromosome, complete genome",data/sub/ill_1.fastq.gz,,fa77d704,0.8629156397455268
0.005197235070942259,862cdc512cb9d3ad7f902b94f8a207ea,/workspaces/midterm_sabina_bio/data/sketches_500.sig.zip,"NZ_CP056839.1 Citrobacter freundii strain RHBSTW-00126 chromosome, complete genome",data/sub/ill_1.fastq.gz,,fa77d704,0.8628856772613449
0.005187260089220874,9c5592b012139547177df60349d622e3,/workspaces/midterm_sabina_bio/data/sketches_500.sig.zip,"NZ_CP056451.1 Citrobacter freundii strain RHBSTW-00502 chromosome, complete genome",data/sub/ill_1.fastq.gz,,fa77d704,0.8628324804135443
0.005178509186874471,badaf48d864daa675e18c8d00574578a,/workspaces/midterm_sabina_bio/data/sketches_500.sig.zip,"NZ_CP022695.1 Citrobacter farmeri strain AUSMDU00008141 chromosome, complete genome",data/sub/ill_1.fastq.gz,,fa77d704,0.8627857295820848
0.0051745792514443605,62f6ca211513c1777f9d49ba6d02e288,/workspaces/midterm_sabina_bio/data/sketches_500.sig.zip,"NZ_CP136727.1 Citrobacter braakii strain F217 chromosome, complete genome",data/sub/ill_1.fastq.gz,,fa77d704,0.8627647092713946
0.005173120262241344,53429b60a867c645105764ee0ef31851,/workspaces/midterm_sabina_bio/data/sketches_500.sig.zip,"NZ_CP135465.1 Citrobacter freundii strain isolateH chromosome, complete genome",data/sub/ill_1.fastq.gz,,fa77d704,0.8627569015231833
0.0051630712606073,d479ec301b0f842cf3220405b0ffab0d,/workspaces/midterm_sabina_bio/data/sketches_500.sig.zip,"NZ_CM169470.1 Citrobacter amalonaticus strain 23_20 chromosome, whole genome shotgun sequence",data/sub/ill_1.fastq.gz,,fa77d704,0.8627030662396525
0.005136289666395444,a779c6c88d6aee9c12ae1c3ebd411a48,/workspaces/midterm_sabina_bio/data/sketches_500.sig.zip,"NZ_CP115076.1 Citrobacter freundii strain 2021CK-01659 chromosome, complete genome",data/sub/ill_1.fastq.gz,,fa77d704,0.8625590903422704
0.005131592317853877,3642a26c5812797fc4d4e44625ff8e58,/workspaces/midterm_sabina_bio/data/sketches_500.sig.zip,"NZ_CP080539.1 Citrobacter braakii strain DY2019 chromosome, complete genome",data/sub/ill_1.fastq.gz,,fa77d704,0.862533762465087
0.005120738992921332,ce9e056a60303ce489dbc1e5c435bae0,/workspaces/midterm_sabina_bio/data/sketches_500.sig.zip,"NZ_CP032184.1 Citrobacter freundii strain AR_0116 chromosome, complete genome",data/sub/ill_1.fastq.gz,,fa77d704,0.8624751554763004
0.0051101231539680105,c7a7ce7a94d6598c0799030aefddf3e9,/workspaces/midterm_sabina_bio/data/sketches_500.sig.zip,"NZ_CP011657.1 Citrobacter freundii strain CAV1741 chromosome, complete genome",data/sub/ill_1.fastq.gz,,fa77d704,0.8624177138486454
0.005106167846309404,3bfbd9994aabdec3ca51bf3346468ca5,/workspaces/midterm_sabina_bio/data/sketches_500.sig.zip,"NZ_CP103365.1 Citrobacter freundii strain 140542 chromosome, complete genome",data/sub/ill_1.fastq.gz,,fa77d704,0.862396282237623
0.0050798258345428155,602435a87aaf90ad05f7950781ac421e,/workspaces/midterm_sabina_bio/data/sketches_500.sig.zip,"NZ_CP099298.1 Citrobacter freundii strain RHB02-E3-C01 chromosome, complete genome",data/sub/ill_1.fastq.gz,,fa77d704,0.8622531361790283
0.005075090626618333,69a0ffd4ddfdf375f62621920378ce62,/workspaces/midterm_sabina_bio/data/sketches_500.sig.zip,"NZ_CP119165.1 Citrobacter freundii strain 2075 chromosome, complete genome",data/sub/ill_1.fastq.gz,,fa77d704,0.8622273278562038
0.00507235566164404,5358e8f5bfcca1fbcadf95d6f1b6a658,/workspaces/midterm_sabina_bio/data/sketches_500.sig.zip,"NZ_CP183865.1 Citrobacter braakii strain K1125 chromosome, complete genome",data/sub/ill_1.fastq.gz,,fa77d704,0.8622124107896336
0.005059797608095676,92951cd337385bc99887091f7155bf6a,/workspaces/midterm_sabina_bio/data/sketches_500.sig.zip,"NZ_CP085726.1 Citrobacter freundii strain 56415CZ chromosome, complete genome",data/sub/ill_1.fastq.gz,,fa77d704,0.8621438159438364
0.0050576572931418165,e3e08815d3c4fb17ef368c73246da00f,/workspaces/midterm_sabina_bio/data/sketches_500.sig.zip,"NZ_CP137117.1 Citrobacter freundii strain F2119 chromosome, complete genome",data/sub/ill_1.fastq.gz,,fa77d704,0.8621321085549001
0.005054412295631544,262640650e879340661807fb5d15fe4f,/workspaces/midterm_sabina_bio/data/sketches_500.sig.zip,"NZ_CP137203.1 Citrobacter freundii strain F2613 chromosome, complete genome",data/sub/ill_1.fastq.gz,,fa77d704,0.8621143494240845
0.00504535725206401,0eb0004f0e9973ecae764847a124f319,/workspaces/midterm_sabina_bio/data/sketches_500.sig.zip,"NZ_CP037734.1 Citrobacter freundii strain CAV1857 chromosome, complete genome",data/sub/ill_1.fastq.gz,,fa77d704,0.8620647345084623
0.0050394502417918045,3e440c4c608e041a858dfa2c66e065e3,/workspaces/midterm_sabina_bio/data/sketches_500.sig.zip,"NZ_CP056635.1 Citrobacter freundii strain RHBSTW-00302 chromosome, complete genome",data/sub/ill_1.fastq.gz,,fa77d704,0.8620323217648069
0.005038175868695788,10d23a3d50cc9fb83049105a90a37967,/workspaces/midterm_sabina_bio/data/sketches_500.sig.zip,"NZ_CP056809.1 Citrobacter freundii strain RHBSTW-00162 chromosome, complete genome",data/sub/ill_1.fastq.gz,,fa77d704,0.8620253242212541
0.005030284365054922,66146163cd8bf921396a5c7af11d62f3,/workspaces/midterm_sabina_bio/data/sketches_500.sig.zip,"NZ_CP139850.1 Citrobacter freundii strain UKJ86 chromosome, complete genome",data/sub/ill_1.fastq.gz,,fa77d704,0.861981953830107
0.0050220666565210775,9cac6187d9298c310b14890b38162244,/workspaces/midterm_sabina_bio/data/sketches_500.sig.zip,"NZ_CP026056.1 Citrobacter freundii strain FDAARGOS_73 chromosome, complete genome",data/sub/ill_1.fastq.gz,,fa77d704,0.8619367202572518
0.005019463224749027,04d4cef61fe719d393730e048729b2ba,/workspaces/midterm_sabina_bio/data/sketches_500.sig.zip,"NZ_CP115091.1 Citrobacter freundii strain 2022CK-00397 chromosome, complete genome",data/sub/ill_1.fastq.gz,,fa77d704,0.8619223749002297
0.0050050556117290194,e9463bf80e045229ce1327e84125a635,/workspaces/midterm_sabina_bio/data/sketches_500.sig.zip,"NZ_CP059427.1 Citrobacter freundii strain CIFR51929 chromosome, complete genome",data/sub/ill_1.fastq.gz,,fa77d704,0.8618428553596672
0.004990422421615082,fa4f86cff5f77b985b428f82606ea9de,/workspaces/midterm_sabina_bio/data/sketches_500.sig.zip,"NZ_CM148354.1 Citrobacter europaeus isolate 38M23CPO030A chromosome, whole genome shotgun sequence",data/sub/ill_1.fastq.gz,,fa77d704,0.8617618625149412
0.004978443851365223,f2cd45b619315c6b8e3b334cb123410b,/workspaces/midterm_sabina_bio/data/sketches_500.sig.zip,"NZ_CP135450.1 Citrobacter freundii strain isolateL chromosome, complete genome",data/sub/ill_1.fastq.gz,,fa77d704,0.8616953904896337
0.004975882203604976,f12768a19a2328e39d41ea887e1003c4,/workspaces/midterm_sabina_bio/data/sketches_500.sig.zip,"NZ_CP133852.1 Citrobacter freundii strain CF2 chromosome, complete genome",data/sub/ill_1.fastq.gz,,fa77d704,0.8616811550838724
0.004973338802296965,97017378615959263094ae6d244e099c,/workspaces/midterm_sabina_bio/data/sketches_500.sig.zip,"NZ_CP024679.1 Citrobacter freundii strain UMH15 chromosome, complete genome",data/sub/ill_1.fastq.gz,,fa77d704,0.8616670140206161
0.0049639220101325415,9d55ae938f07f50ed8dbbbb7df8eba4f,/workspaces/midterm_sabina_bio/data/sketches_500.sig.zip,"NZ_CP115083.1 Citrobacter freundii strain 2022CK-00315 chromosome, complete genome",data/sub/ill_1.fastq.gz,,fa77d704,0.8616145962577928
0.004960769425461908,ea09ff002a7a48f4f1bf5923e466be3b,/workspaces/midterm_sabina_bio/data/sketches_500.sig.zip,"NZ_CP056827.1 Citrobacter freundii strain RHBSTW-00135 chromosome, complete genome",data/sub/ill_1.fastq.gz,,fa77d704,0.8615970260502113
0.004958339722946378,18dc63822e3fe9bcc3386ee5d227ae82,/workspaces/midterm_sabina_bio/data/sketches_500.sig.zip,"NZ_CP099217.1 Citrobacter freundii strain RHB16-SO-C03 chromosome, complete genome",data/sub/ill_1.fastq.gz,,fa77d704,0.8615834772469153
0.004944568781554156,bdd2543dabc88835e008ec285c70a527,/workspaces/midterm_sabina_bio/data/sketches_500.sig.zip,"NZ_CP024683.1 Citrobacter freundii strain UMH13 chromosome, complete genome",data/sub/ill_1.fastq.gz,,fa77d704,0.8615065637884701
0.004938656685381577,6354589a14565a9b2cc23743156a78d3,/workspaces/midterm_sabina_bio/data/sketches_500.sig.zip,"NZ_CP056314.1 Citrobacter freundii strain RHBSTW-00830 chromosome, complete genome",data/sub/ill_1.fastq.gz,,fa77d704,0.8614734795941842
0.004930662557781202,1de7c9064211cdfd0dcc79fd4eb24648,/workspaces/midterm_sabina_bio/data/sketches_500.sig.zip,"NZ_CP138570.1 Citrobacter braakii strain JX21CE32 chromosome, complete genome",data/sub/ill_1.fastq.gz,,fa77d704,0.8614286829922819
0.004929825443935811,6f77ddd2b683f55b7853167021d591d6,/workspaces/midterm_sabina_bio/data/sketches_500.sig.zip,"NZ_CM148580.1 Citrobacter braakii strain W412 chromosome, whole genome shotgun sequence",data/sub/ill_1.fastq.gz,,fa77d704,0.861423987980927
0.004927385892116182,5bbb00856828e2c02e526c52273565f6,/workspaces/midterm_sabina_bio/data/sketches_500.sig.zip,"NZ_CP097107.1 Citrobacter freundii strain GMU8049 chromosome, complete genome",data/sub/ill_1.fastq.gz,,fa77d704,0.8614103011597553
0.004921004921004921,16032ce11e9abf841ddc32df3b236328,/workspaces/midterm_sabina_bio/data/sketches_500.sig.zip,"NZ_CP024881.1 Citrobacter freundii strain AR_0022 chromosome, complete genome",data/sub/ill_1.fastq.gz,,fa77d704,0.8613744702700088
0.004920553562275756,a28c19508ce24c5d7e4946766ca8e8f7,/workspaces/midterm_sabina_bio/data/sketches_500.sig.zip,"NZ_CP056181.1 Citrobacter freundii strain RHBSTW-01016 chromosome, complete genome",data/sub/ill_1.fastq.gz,,fa77d704,0.8613719340565633
0.004916869424168694,ed1b3d0155575f9a0751d7ede3d1a724,/workspaces/midterm_sabina_bio/data/sketches_500.sig.zip,"NZ_CP056336.1 Citrobacter freundii strain RHBSTW-00697 chromosome, complete genome",data/sub/ill_1.fastq.gz,,fa77d704,0.8613512241832433
0.0049116940119134705,1cf066b6f951125c654fa0f0df8904dc,/workspaces/midterm_sabina_bio/data/sketches_500.sig.zip,"NZ_CP099128.1 Citrobacter freundii strain RHB31-E4-C06 chromosome, complete genome",data/sub/ill_1.fastq.gz,,fa77d704,0.8613221058063508
0.004902951880307319,d5441dfbcefc6ff72ae7f243b5116c37,/workspaces/midterm_sabina_bio/data/sketches_500.sig.zip,"NZ_CP056235.1 Citrobacter freundii strain RHBSTW-00942 chromosome, complete genome",data/sub/ill_1.fastq.gz,,fa77d704,0.8612728521713988
0.004899709079773389,e361b4c109b87475145c9a18d311949f,/workspaces/midterm_sabina_bio/data/sketches_500.sig.zip,"NZ_CP056653.1 Citrobacter freundii strain RHBSTW-00214 chromosome, complete genome",data/sub/ill_1.fastq.gz,,fa77d704,0.8612545603354986
0.004897618923565884,c4197ecd70239c9bdbfb0b10d6bb7a98,/workspaces/midterm_sabina_bio/data/sketches_500.sig.zip,"NZ_CP113784.1 Citrobacter freundii strain CFSAN077772 chromosome, complete genome",data/sub/ill_1.fastq.gz,,fa77d704,0.861242764038559
0.004897258544958853,c766ea09a8f5ef86aa18766e00ce63f8,/workspaces/midterm_sabina_bio/data/sketches_500.sig.zip,"NZ_CP056573.1 Citrobacter freundii strain RHBSTW-00370 chromosome, complete genome",data/sub/ill_1.fastq.gz,,fa77d704,0.8612407296606527
0.004893552618302896,c2e4b81918180547eab186da61f8dcb8,/workspaces/midterm_sabina_bio/data/sketches_500.sig.zip,"NZ_CP042534.1 Citrobacter freundii strain E51 chromosome, complete genome",data/sub/ill_1.fastq.gz,,fa77d704,0.8612198008335136
0.004890738813735692,1032f4fc595ee1951db5326b9c388680,/workspaces/midterm_sabina_bio/data/sketches_500.sig.zip,"NZ_CP045726.1 Citrobacter freundii strain zone4 chromosome, complete genome",data/sub/ill_1.fastq.gz,,fa77d704,0.8612038998711574
0.004878299270822635,a5d4d133793344f11d5c9cb1bcd4e24a,/workspaces/midterm_sabina_bio/data/sketches_500.sig.zip,"NZ_CP024677.1 Citrobacter freundii strain UMH16 chromosome, complete genome",data/sub/ill_1.fastq.gz,,fa77d704,0.8611334965352981
0.004878048780487805,82907ec0db5405fff38667fa9cdf3243,/workspaces/midterm_sabina_bio/data/sketches_500.sig.zip,"NZ_CP056852.1 Citrobacter freundii strain RHBSTW-00119 chromosome, complete genome",data/sub/ill_1.fastq.gz,,fa77d704,0.8611320770571818
0.004875771564915193,65739f8051679f4ea31d22db12b57aaa,/workspaces/midterm_sabina_bio/data/sketches_500.sig.zip,"NZ_CP099037.1 Citrobacter freundii strain RHB44-SO-C05 chromosome, complete genome",data/sub/ill_1.fastq.gz,,fa77d704,0.861119169283339
0.004870384917517675,78e163077255a202ccf837a020986c1c,/workspaces/midterm_sabina_bio/data/sketches_500.sig.zip,"NZ_CP057864.1 Citrobacter freundii strain RHB12-C19 chromosome, complete genome",data/sub/ill_1.fastq.gz,,fa77d704,0.8610886131881004
0.00486470051687443,934b6ae2b51903db939fb77278b6c621,/workspaces/midterm_sabina_bio/data/sketches_500.sig.zip,"NZ_CP056622.1 Citrobacter freundii strain RHBSTW-00310 chromosome, complete genome",data/sub/ill_1.fastq.gz,,fa77d704,0.8610563323983594
0.004829412681102975,8bf8d10c850b54f470f3c9d45ca353dd,/workspaces/midterm_sabina_bio/data/sketches_500.sig.zip,"NZ_CP048416.1 Citrobacter freundii strain CitB chromosome, complete genome",data/sub/ill_1.fastq.gz,,fa77d704,0.8608551138475342
0.004816467248022713,cbe84120de55a96f636c8314b26f3c3d,/workspaces/midterm_sabina_bio/data/sketches_500.sig.zip,"NZ_CP022273.1 Citrobacter freundii strain 18-1 chromosome, complete genome",data/sub/ill_1.fastq.gz,,fa77d704,0.8607809375576377
0.004815997487305659,7f5691392371f78f779b6ad56471f7b9,/workspaces/midterm_sabina_bio/data/sketches_500.sig.zip,"NZ_CP024672.1 Citrobacter freundii strain HM38 chromosome, complete genome",data/sub/ill_1.fastq.gz,,fa77d704,0.8607782422217753
0.0048086657218060335,d186db9a735af53b0a9581dd90a94f61,/workspaces/midterm_sabina_bio/data/sketches_500.sig.zip,"NZ_CP101066.1 Citrobacter cronae strain OT154 chromosome, complete genome",data/sub/ill_1.fastq.gz,,fa77d704,0.8607361417352698
0.004807692307692308,9c97d56fc3eacf936d76eae803ce8698,/workspaces/midterm_sabina_bio/data/sketches_500.sig.zip,"NZ_CP101092.1 Citrobacter cronae strain OT70 chromosome, complete genome",data/sub/ill_1.fastq.gz,,fa77d704,0.860730547499264
0.00480744901573807,1110220ead43fd6cbbce7e865bb591fe,/workspaces/midterm_sabina_bio/data/sketches_500.sig.zip,"NZ_CP101089.1 Citrobacter cronae strain OT84 chromosome, complete genome",data/sub/ill_1.fastq.gz,,fa77d704,0.8607291491220393
0.004807189884000418,dc4d04fcefa7d7ef946d031a7ffb2e04,/workspaces/midterm_sabina_bio/data/sketches_500.sig.zip,"NZ_CP139745.1 Citrobacter freundii isolate FELIX_MS432 chromosome, complete genome",data/sub/ill_1.fastq.gz,,fa77d704,0.8607276596262619
0.004807189884000418,7fab51474c8d92c786845e1ec6ed63dd,/workspaces/midterm_sabina_bio/data/sketches_500.sig.zip,"NZ_CP137717.1 Citrobacter freundii isolate FELIX_MS690 chromosome, complete genome",data/sub/ill_1.fastq.gz,,fa77d704,0.8607276596262619
0.004805683242791475,b64c1657cde2d050ed2e266ca1afd933,/workspaces/midterm_sabina_bio/data/sketches_500.sig.zip,"NZ_CP137703.1 Citrobacter freundii isolate FELIX_MS689 chromosome, complete genome",data/sub/ill_1.fastq.gz,,fa77d704,0.860718997867131
0.004798611465618459,8480807bffb83439b1391d7b951b84c9,/workspaces/midterm_sabina_bio/data/sketches_500.sig.zip,"NZ_CP099382.1 Citrobacter braakii strain RHB14-SO-C08 chromosome, complete genome",data/sub/ill_1.fastq.gz,,fa77d704,0.860678306522713
0.004781207774659599,3d6e36707a3026f64e40ecdf1f0c0d73,/workspaces/midterm_sabina_bio/data/sketches_500.sig.zip,"NZ_CP059849.1 Citrobacter freundii strain 3863 chromosome, complete genome",data/sub/ill_1.fastq.gz,,fa77d704,0.8605779159129296
0.004767892696217122,d2953ce5d4ec84153ad5a0a35778a60c,/workspaces/midterm_sabina_bio/data/sketches_500.sig.zip,"NZ_CP099303.1 Citrobacter freundii strain RHB02-E1-C01 chromosome, complete genome",data/sub/ill_1.fastq.gz,,fa77d704,0.8605008695787174
0.004732342764095257,10337d9945e3dbf004c46cd380cdf866,/workspaces/midterm_sabina_bio/data/sketches_500.sig.zip,"NZ_CP042517.1 Citrobacter freundii strain E33 chromosome, complete genome",data/sub/ill_1.fastq.gz,,fa77d704,0.8602941337173426
0.0047312051575335344,623c07ff7e9eb10d6643ef32ef1539d5,/workspaces/midterm_sabina_bio/data/sketches_500.sig.zip,"NZ_CP024680.1 Citrobacter freundii strain UMH14 chromosome, complete genome",data/sub/ill_1.fastq.gz,,fa77d704,0.860287493205504
0.004714828897338403,0c97a6952fb17df0feff2d1d44417334,/workspaces/midterm_sabina_bio/data/sketches_500.sig.zip,"NZ_CP042478.1 Citrobacter freundii strain C50 chromosome, complete genome",data/sub/ill_1.fastq.gz,,fa77d704,0.8601917281540613
0.004697286012526096,a4ec102aca76da1f991116b0a8153d2e,/workspaces/midterm_sabina_bio/data/sketches_500.sig.zip,"NZ_CP033742.1 Citrobacter freundii strain FDAARGOS_550 chromosome, complete genome",data/sub/ill_1.fastq.gz,,fa77d704,0.8600887813543784
0.004668821507362373,9230c5280608e8f73e6cdaaab70004a9,/workspaces/midterm_sabina_bio/data/sketches_500.sig.zip,"NZ_CP113163.1 Citrobacter braakii strain LBA3 chromosome, complete genome",data/sub/ill_1.fastq.gz,,fa77d704,0.8599209450248593
0.0046559751681324365,ac2ffc4da1429178f5ed18144e1ac862,/workspaces/midterm_sabina_bio/data/sketches_500.sig.zip,"NZ_CP033744.1 Citrobacter freundii strain FDAARGOS_549 chromosome, complete genome",data/sub/ill_1.fastq.gz,,fa77d704,0.8598448725121318
0.0046506821000413395,8855f4858e0e9549ff11d837fe4c9501,/workspaces/midterm_sabina_bio/data/sketches_500.sig.zip,"NZ_CP119862.1 Citrobacter enshiensis strain S171 chromosome, complete genome",data/sub/ill_1.fastq.gz,,fa77d704,0.8598134690119461
0.0046282322165207765,6965cddb098bbba1cf25cc7eea9b952f,/workspaces/midterm_sabina_bio/data/sketches_500.sig.zip,"NZ_CP056232.1 Citrobacter freundii strain RHBSTW-00965 chromosome, complete genome",data/sub/ill_1.fastq.gz,,fa77d704,0.8596798874997734
0.0046279631819817965,b0666bd263a890e960c0fce3e224c72c,/workspaces/midterm_sabina_bio/data/sketches_500.sig.zip,"NZ_LR890181.1 Citrobacter freundii strain MSB1_1H isolate MSB1_1H chromosome 1, complete sequence",data/sub/ill_1.fastq.gz,,fa77d704,0.8596782828699215
0.0046092285873474146,b71ec0b175ebd0a22f87f21b8941d500,/workspaces/midterm_sabina_bio/data/sketches_500.sig.zip,"NZ_CP137166.1 Citrobacter braakii strain F418 chromosome, complete genome",data/sub/ill_1.fastq.gz,,fa77d704,0.8595663185359815
0.004592126309271968,2dd6a7b7f9cc17f82bfd846d6f1625bb,/workspaces/midterm_sabina_bio/data/sketches_500.sig.zip,"NZ_CP181748.1 Citrobacter farmeri strain A24352 chromosome, complete genome",data/sub/ill_1.fastq.gz,,fa77d704,0.8594637224035538
0.004586251109576881,5e827a6009bbb6754a2f4873a653f1f7,/workspaces/midterm_sabina_bio/data/sketches_500.sig.zip,"NZ_CM148578.1 Citrobacter braakii strain W419 chromosome, whole genome shotgun sequence",data/sub/ill_1.fastq.gz,,fa77d704,0.8594283914624913
0.004550682602390358,9d354b00b5ae3a1c40387ce0c8e002e3,/workspaces/midterm_sabina_bio/data/sketches_500.sig.zip,"NZ_AP026382.1 Citrobacter braakii strain KAM621 chromosome, complete genome",data/sub/ill_1.fastq.gz,,fa77d704,0.8592135532466809
0.004533776635937736,5db50ef3ce4d63c07baec5e66fd46fef,/workspaces/midterm_sabina_bio/data/sketches_500.sig.zip,"NZ_CP149131.1 Citrobacter europaeus strain WF0003 chromosome, complete genome",data/sub/ill_1.fastq.gz,,fa77d704,0.8591108659561612
0.004504271291742169,200a2527d1d3178c7e42ebb4971fb035,/workspaces/midterm_sabina_bio/data/sketches_500.sig.zip,"NZ_CP099389.1 Citrobacter braakii strain RHB02-E4-C01 chromosome, complete genome",data/sub/ill_1.fastq.gz,,fa77d704,0.8589307544681254
0.00447171381031614,9ccd7f62033f0bd87e97aa46d7adaef9,/workspaces/midterm_sabina_bio/data/sketches_500.sig.zip,"NZ_CP022049.2 Citrobacter braakii strain FDAARGOS_290 chromosome, complete genome",data/sub/ill_1.fastq.gz,,fa77d704,0.858730675375237
0.00446498104978973,adcf3ed2a9db9c13cd96b1015fdfc9f1,/workspaces/midterm_sabina_bio/data/sketches_500.sig.zip,"NZ_CP099378.1 Citrobacter braakii strain RHB21-E1-C04 chromosome, complete genome",data/sub/ill_1.fastq.gz,,fa77d704,0.8586891230974119
0.004452267550217436,f4f03b54df14abd7c8cb5797c5c463f5,/workspaces/midterm_sabina_bio/data/sketches_500.sig.zip,"NZ_CP187320.1 Citrobacter braakii strain A1B10 chromosome, complete genome",data/sub/ill_1.fastq.gz,,fa77d704,0.8586104933535696
0.0044467425025853154,38ea74460c03d12134b705cf9f8f3930,/workspaces/midterm_sabina_bio/data/sketches_500.sig.zip,"NZ_CM183922.1 Citrobacter braakii strain GMM050 chromosome, whole genome shotgun sequence",data/sub/ill_1.fastq.gz,,fa77d704,0.8585762542717081
0.004433675310615044,e63a8144b18dbb39d0afe35d198742a9,/workspaces/midterm_sabina_bio/data/sketches_500.sig.zip,"NZ_CP099385.1 Citrobacter braakii strain RHB09-SO-C07 chromosome, complete genome",data/sub/ill_1.fastq.gz,,fa77d704,0.8584951111430589
0.004418262150220913,3ae5210e4e0bf23c4c1d551d87491b4e,/workspaces/midterm_sabina_bio/data/sketches_500.sig.zip,"NZ_CP060441.1 Citrobacter cronae strain S175-1 chromosome, complete genome",data/sub/ill_1.fastq.gz,,fa77d704,0.8583991008685516
0.004416502130312792,ab0e8ef09d8a002788dedc905deea4a6,/workspaces/midterm_sabina_bio/data/sketches_500.sig.zip,"NZ_CM152444.1 Citrobacter braakii strain S10 chromosome, whole genome shotgun sequence",data/sub/ill_1.fastq.gz,,fa77d704,0.8583881168014637
0.004409628553641834,139293db2e50a6f10fec94f1a1989106,/workspaces/midterm_sabina_bio/data/sketches_500.sig.zip,"NZ_CP099364.1 Citrobacter braakii strain RHB44-SE-C08 chromosome, complete genome",data/sub/ill_1.fastq.gz,,fa77d704,0.8583451788521506
0.0044088998256946585,b82b8105a2c2d82be9ed8bb3ff74d8a2,/workspaces/midterm_sabina_bio/data/sketches_500.sig.zip,"NZ_CP099390.1 Citrobacter braakii strain RHB02-E3-C05 chromosome, complete genome",data/sub/ill_1.fastq.gz,,fa77d704,0.8583406228101292
0.004404373283589823,1d9643549c2e2307f8ef22b0dccea0bf,/workspaces/midterm_sabina_bio/data/sketches_500.sig.zip,"NZ_CP176700.1 Citrobacter braakii strain GTVSS-028 chromosome, complete genome",data/sub/ill_1.fastq.gz,,fa77d704,0.8583123062427481
0.004404373283589823,d5178ab99bd2bf545d9e0ac07cc2558a,/workspaces/midterm_sabina_bio/data/sketches_500.sig.zip,"NZ_CP045771.1 Citrobacter braakii strain MiY-A chromosome, complete genome",data/sub/ill_1.fastq.gz,,fa77d704,0.8583123062427481
0.004389727029618044,b5a0c9f80fe9b0805e96ae5d98836535,/workspaces/midterm_sabina_bio/data/sketches_500.sig.zip,"NZ_CP081314.1 Citrobacter farmeri strain CCRI-24236 chromosome, complete genome",data/sub/ill_1.fastq.gz,,fa77d704,0.8582204897855036
0.004384417678778411,862cb519515939e77c8a9b49e09181fb,/workspaces/midterm_sabina_bio/data/sketches_500.sig.zip,"NZ_CM176355.1 Citrobacter farmeri strain CAVP754 chromosome, whole genome shotgun sequence",data/sub/ill_1.fastq.gz,,fa77d704,0.8581871322227973
0.00434261755016472,eb1f64cd5318eeb876348c5a7cfdbc22,/workspaces/midterm_sabina_bio/data/sketches_500.sig.zip,"NZ_CM127095.1 Citrobacter braakii strain SCGY-1L chromosome, whole genome shotgun sequence",data/sub/ill_1.fastq.gz,,fa77d704,0.8579231304843212
0.004336602994321115,1ca300371d22c56f1bfe06b939a85cb8,/workspaces/midterm_sabina_bio/data/sketches_500.sig.zip,"NZ_CP099374.1 Citrobacter braakii strain RHB25-SO-C06 chromosome, complete genome",data/sub/ill_1.fastq.gz,,fa77d704,0.8578849405133364
0.004325437693099897,a7855a520c4d9ace63fc760669a94390,/workspaces/midterm_sabina_bio/data/sketches_500.sig.zip,"NZ_CP064180.1 Citrobacter amalonaticus strain CA71 chromosome, complete genome",data/sub/ill_1.fastq.gz,,fa77d704,0.8578139086912145
0.004297994269340974,2296cbd93c5947a3c319122644060dd4,/workspaces/midterm_sabina_bio/data/sketches_500.sig.zip,"NZ_CP099375.1 Citrobacter braakii strain RHB25-E4-C05 chromosome, complete genome",data/sub/ill_1.fastq.gz,,fa77d704,0.8576385577556982
0.004296066252587992,0e5cf5c427d9f35c5896977842dd04d5,/workspaces/midterm_sabina_bio/data/sketches_500.sig.zip,"NZ_CP099366.1 Citrobacter braakii strain RHB41-E2-C02 chromosome, complete genome",data/sub/ill_1.fastq.gz,,fa77d704,0.8576261977208706
0.004286083139684998,617013e1f3fb33653314056abb156063,/workspaces/midterm_sabina_bio/data/sketches_500.sig.zip,"NZ_CP099388.1 Citrobacter braakii strain RHB03-E1-C02 chromosome, complete genome",data/sub/ill_1.fastq.gz,,fa77d704,0.8575621120964525
0.004275485499407613,39dbf57f23d7afc3dd5073470a6a39f9,/workspaces/midterm_sabina_bio/data/sketches_500.sig.zip,"NZ_CP099381.1 Citrobacter braakii strain RHB16-E2-C02 chromosome, complete genome",data/sub/ill_1.fastq.gz,,fa77d704,0.8574939225941492
0.0042715248829190465,6fb509b876d3908ad2842e6ec640f2d0,/workspaces/midterm_sabina_bio/data/sketches_500.sig.zip,"NZ_CP118774.1 Citrobacter braakii strain ASE1 chromosome, complete genome",data/sub/ill_1.fastq.gz,,fa77d704,0.8574683961998196
0.004261068384951153,e356b5e728ebd449c4ab61427e939f0e,/workspaces/midterm_sabina_bio/data/sketches_500.sig.zip,"NZ_CP077300.1 Citrobacter braakii strain FDAARGOS 1422 chromosome, complete genome",data/sub/ill_1.fastq.gz,,fa77d704,0.8574008927649239
0.004256628545053593,a4554fbe8ba0e6d5fdc31d0f6775fb11,/workspaces/midterm_sabina_bio/data/sketches_500.sig.zip,"NZ_CP092860.1 Citrobacter braakii strain P1 chromosome, complete genome",data/sub/ill_1.fastq.gz,,fa77d704,0.857372182020013
0.004251831361098304,7e9d92c55c5b530e69715111d5eeeeae,/workspaces/midterm_sabina_bio/data/sketches_500.sig.zip,"NZ_CM176322.1 Citrobacter farmeri strain CAVP882 chromosome, whole genome shotgun sequence",data/sub/ill_1.fastq.gz,,fa77d704,0.8573411277290847
0.00424738423288097,e4ed8f21318d263acce95e8d6c0d49cc,/workspaces/midterm_sabina_bio/data/sketches_500.sig.zip,"NZ_CP099384.1 Citrobacter braakii strain RHB13-SO-C07 chromosome, complete genome",data/sub/ill_1.fastq.gz,,fa77d704,0.8573123090656807
0.004232476514916899,8454e783bd497f130b94ce7c0f04ad3a,/workspaces/midterm_sabina_bio/data/sketches_500.sig.zip,"NZ_CP099386.1 Citrobacter braakii strain RHB09-E4-C01 chromosome, complete genome",data/sub/ill_1.fastq.gz,,fa77d704,0.8572154883592
0.004231166150670795,12184fecf38864369986ab43c53353ca,/workspaces/midterm_sabina_bio/data/sketches_500.sig.zip,"NZ_CP099377.1 Citrobacter braakii strain RHB23-SO-C01 chromosome, complete genome",data/sub/ill_1.fastq.gz,,fa77d704,0.8572069621321914
0.004203861324475815,9c6e2a61762396a2c4e8c109bb96088e,/workspaces/midterm_sabina_bio/data/sketches_500.sig.zip,"NZ_CP099379.1 Citrobacter braakii strain RHB16-SO-C07 chromosome, complete genome",data/sub/ill_1.fastq.gz,,fa77d704,0.8570287096936889
0.004192229038854806,f7e962f58876f3ca1fd0b199a18e6062,/workspaces/midterm_sabina_bio/data/sketches_500.sig.zip,"NZ_CP148084.1 Citrobacter europaeus strain WF1643 chromosome, complete genome",data/sub/ill_1.fastq.gz,,fa77d704,0.8569524292509342
0.004190377651319193,7b5503965008a02cfe03a05fec615d71,/workspaces/midterm_sabina_bio/data/sketches_500.sig.zip,"NZ_CP063074.1 Citrobacter braakii strain JPG1 chromosome, complete genome",data/sub/ill_1.fastq.gz,,fa77d704,0.8569402695265304
0.004186210722751803,ec8cde88291bfceb4f881dfab719ccf1,/workspaces/midterm_sabina_bio/data/sketches_500.sig.zip,"NZ_CP037864.1 Citrobacter arsenatis strain LY-1 chromosome, complete genome",data/sub/ill_1.fastq.gz,,fa77d704,0.856912882449965
0.004181076756310329,af96c9f0f1e127223a8f622ed40c75cb,/workspaces/midterm_sabina_bio/data/sketches_500.sig.zip,"NZ_CP099387.1 Citrobacter braakii strain RHB08-E3-C01 chromosome, complete genome",data/sub/ill_1.fastq.gz,,fa77d704,0.8568791030710494
0.004169240271772699,6a1e399aec83cffe67058a6763921419,/workspaces/midterm_sabina_bio/data/sketches_500.sig.zip,"NZ_CM185165.1 Citrobacter farmeri strain P1 chromosome, whole genome shotgun sequence",data/sub/ill_1.fastq.gz,,fa77d704,0.8568010700057205
0.004165148123080127,6a84d8f2c46911f46a86b94740f6fca9,/workspaces/midterm_sabina_bio/data/sketches_500.sig.zip,"NZ_CP014015.2 Citrobacter amalonaticus strain FDAARGOS_122 chromosome, complete genome",data/sub/ill_1.fastq.gz,,fa77d704,0.8567740420543708
0.004163240131578948,ba566bab258a0a66340ae7d5681d52e4,/workspaces/midterm_sabina_bio/data/sketches_500.sig.zip,"NZ_CP077291.1 Citrobacter farmeri strain FDAARGOS 1423 chromosome, complete genome",data/sub/ill_1.fastq.gz,,fa77d704,0.856761431268407
0.00415394624893649,900c51dca0d126c67c888791567c200a,/workspaces/midterm_sabina_bio/data/sketches_500.sig.zip,"NZ_CP077405.1 Citrobacter braakii strain FDAARGOS 1421 chromosome, complete genome",data/sub/ill_1.fastq.gz,,fa77d704,0.8566999233198318
0.004152177297970623,361d4958d63c318394d1d059fb04b7ef,/workspaces/midterm_sabina_bio/data/sketches_500.sig.zip,"NZ_CP180152.1 Citrobacter amalonaticus isolate 2024CK-01695 chromosome, complete genome",data/sub/ill_1.fastq.gz,,fa77d704,0.8566882010542528
0.004143646408839779,330a9f9c00ac7a2836ff6b3d963cacd6,/workspaces/midterm_sabina_bio/data/sketches_500.sig.zip,"NZ_CP014070.2 Citrobacter amalonaticus strain FDAARGOS_165 chromosome, complete genome",data/sub/ill_1.fastq.gz,,fa77d704,0.8566316013726416
0.0041332988891759235,94a62e07374dbb275389bb28f9a3ab2b,/workspaces/midterm_sabina_bio/data/sketches_500.sig.zip,"NZ_CM183916.1 Citrobacter braakii strain GMM075 chromosome, whole genome shotgun sequence",data/sub/ill_1.fastq.gz,,fa77d704,0.8565627967294241
0.004123199205166419,463bc60226f2e0090f5c2c021295383d,/workspaces/midterm_sabina_bio/data/sketches_500.sig.zip,"NZ_CP011132.1 Citrobacter amalonaticus Y19 chromosome, complete genome",data/sub/ill_1.fastq.gz,,fa77d704,0.8564954783927837
0.004048787894124196,b78e24983b28be8e71cf67934190e2d5,/workspaces/midterm_sabina_bio/data/sketches_500.sig.zip,"NZ_CP140489.1 Citrobacter amalonaticus strain 2023CK-01304 chromosome, complete genome",data/sub/ill_1.fastq.gz,,fa77d704,0.8559945002713278
0.004042917120199036,d2dab952dc1c1ea53b80e731c3413dc1,/workspaces/midterm_sabina_bio/data/sketches_500.sig.zip,"NZ_CP041362.1 Citrobacter amalonaticus strain 133355-SW-C4-Cam chromosome, complete genome",data/sub/ill_1.fastq.gz,,fa77d704,0.855954594932975
0.0040012311480455524,b067f427eab1f1d32ce1a6a6551c95a9,/workspaces/midterm_sabina_bio/data/sketches_500.sig.zip,"NZ_CP096905.1 Citrobacter amalonaticus strain RSHH22 chromosome, complete genome",data/sub/ill_1.fastq.gz,,fa77d704,0.8556696130631004
0.003949282893369362,bb47a7bb92b80fa03a92b56eb565c958,/workspaces/midterm_sabina_bio/data/sketches_500.sig.zip,"NZ_CP118440.1 Citrobacter amalonaticus strain DC chromosome, complete genome",data/sub/ill_1.fastq.gz,,fa77d704,0.8553104082183322
0.003942450463365931,1fcc4ec9e31748eedc33e2e41ee0d07c,/workspaces/midterm_sabina_bio/data/sketches_500.sig.zip,"NZ_LT556084.1 Citrobacter amalonaticus strain 86 chromosome CITRO86, complete sequence",data/sub/ill_1.fastq.gz,,fa77d704,0.8552628229438761
0.003940231296694299,2e237dd8014e52575fa6e12370fea378,/workspaces/midterm_sabina_bio/data/sketches_500.sig.zip,"NZ_LT556085.1 Citrobacter amalonaticus strain 92 chromosome CITRO92, complete sequence",data/sub/ill_1.fastq.gz,,fa77d704,0.8552473500492227
0.0038769576085293067,defb80855b87a04676361d4b74f49be8,/workspaces/midterm_sabina_bio/data/sketches_500.sig.zip,"NZ_CP083651.1 Citrobacter amalonaticus strain FDAARGOS_1489 chromosome, complete genome",data/sub/ill_1.fastq.gz,,fa77d704,0.8548025805676301
0.003876166675167032,08f9d9971e6b43b2c0ac353ae1c49bba,/workspaces/midterm_sabina_bio/data/sketches_500.sig.zip,"NZ_AP024585.1 Citrobacter amalonaticus strain JCM 1661 chromosome, complete genome",data/sub/ill_1.fastq.gz,,fa77d704,0.8547969763429472
0.0038749677086024285,ee854e87243f46f83a155dc30ead184b,/workspaces/midterm_sabina_bio/data/sketches_500.sig.zip,"NZ_CP080958.1 Citrobacter amalonaticus strain C3H chromosome, complete genome",data/sub/ill_1.fastq.gz,,fa77d704,0.8547884788454498
0.0022888056595921765,95e280963999f0ca8fee82535e08cd9d,/workspaces/midterm_sabina_bio/data/sketches_500.sig.zip,"NZ_AP028957.1 Atlantibacter hermannii strain VNF293 chromosome, complete genome",data/sub/ill_1.fastq.gz,,fa77d704,0.8404361232578916
0.0021304234866199013,d49b2445b2a5d15eadc974ab92a68f53,/workspaces/midterm_sabina_bio/data/sketches_500.sig.zip,"NZ_CP100494.1 Atlantibacter subterraneus strain LH84-a chromosome, complete genome",data/sub/ill_1.fastq.gz,,fa77d704,0.8384985435397212
0.002128874811776312,d1b23cd3c70a5c69c956d5c4133d34be,/workspaces/midterm_sabina_bio/data/sketches_500.sig.zip,"NC_014618.1 [Enterobacter] lignolyticus SCF1, complete sequence",data/sub/ill_1.fastq.gz,,fa77d704,0.8384789160921395
0.0020889910173386254,5189328e732a62e921b58868ec615727,/workspaces/midterm_sabina_bio/data/sketches_500.sig.zip,"NZ_CP012871.1 [Enterobacter] lignolyticus strain G5 chromosome, complete genome",data/sub/ill_1.fastq.gz,,fa77d704,0.8379686108799506
0.001937391659019068,06b794d76f34c2732e018388ca93a6d5,/workspaces/midterm_sabina_bio/data/sketches_500.sig.zip,"NZ_CM167676.1 Atlantibacter hermannii strain SMU6841 chromosome, whole genome shotgun sequence",data/sub/ill_1.fastq.gz,,fa77d704,0.8359386665431504
0.001795142555438226,bc986841077211464438a9f1ae5ddbf1,/workspaces/midterm_sabina_bio/data/sketches_500.sig.zip,"NZ_CP126339.1 Atlantibacter hermannii strain TL13 chromosome, complete genome",data/sub/ill_1.fastq.gz,,fa77d704,0.833888654458489
0.0017387638969387218,c43d2e5674e76565f9063ea065fc4587,/workspaces/midterm_sabina_bio/data/sketches_500.sig.zip,"NZ_CP049608.1 Atlantibacter hermannii strain 78-1320 chromosome, complete genome",data/sub/ill_1.fastq.gz,,fa77d704,0.8330322416354641
0.0016989646933899655,f69d337433b600d86f660c98bf701716,/workspaces/midterm_sabina_bio/data/sketches_500.sig.zip,"NZ_CP042941.1 Atlantibacter hermannii strain ATCC 33651 chromosome, complete genome",data/sub/ill_1.fastq.gz,,fa77d704,0.832411308861576
0.0016700589739575178,403d587a5133b0bb3b668df880abf6a5,/workspaces/midterm_sabina_bio/data/sketches_500.sig.zip,"NZ_CP065700.1 Atlantibacter hermannii strain FDAARGOS_888 chromosome, complete genome",data/sub/ill_1.fastq.gz,,fa77d704,0.8319514275977172
0.0016630287911859475,0ca0fda19747d335c5db48acba2c3c18,/workspaces/midterm_sabina_bio/data/sketches_500.sig.zip,"NZ_CM149568.1 Atlantibacter sp. MEI4A-1023 chromosome, whole genome shotgun sequence",data/sub/ill_1.fastq.gz,,fa77d704,0.8318384131110016
0.001593502621568829,3bd30f9006942d4d1435a437390fd8d8,/workspaces/midterm_sabina_bio/data/sketches_500.sig.zip,"NZ_CP172054.1 Cedecea davisae strain 739Q chromosome, complete genome",data/sub/ill_1.fastq.gz,,fa77d704,0.8306951104478073
0.0015759613364152133,ec1898a095d5521bd0a8bf4ce9b91806,/workspaces/midterm_sabina_bio/data/sketches_500.sig.zip,"NZ_AP023184.1 Buttiauxella agrestis strain DSM 9389 chromosome, complete genome",data/sub/ill_1.fastq.gz,,fa77d704,0.8303990196692999
0.0015186426476749058,7c0afc2edcb5dfc335a988d621ab2684,/workspaces/midterm_sabina_bio/data/sketches_500.sig.zip,"NZ_CP009459.1 Cedecea neteri strain ND14a chromosome, complete genome",data/sub/ill_1.fastq.gz,,fa77d704,0.8294087226080092
0.001381074168797954,e4e54d60b5278462989b912f92636df9,/workspaces/midterm_sabina_bio/data/sketches_500.sig.zip,"NZ_CP133838.1 Buttiauxella selenatireducens strain R73 chromosome, complete genome",data/sub/ill_1.fastq.gz,,fa77d704,0.8268757315789976
0.0013784653086230663,8e74a5cf1c20d54b3d3ca46db2ee0a3f,/workspaces/midterm_sabina_bio/data/sketches_500.sig.zip,"NZ_CP139439.1 Cedecea neteri strain A1 chromosome, complete genome",data/sub/ill_1.fastq.gz,,fa77d704,0.8268253686674428
0.0013166556945358788,5c988893b4b87aafde7b5b746fe840dd,/workspaces/midterm_sabina_bio/data/sketches_500.sig.zip,"NZ_CP093332.1 Buttiauxella ferragutiae strain H4-C11 chromosome, complete genome",data/sub/ill_1.fastq.gz,,fa77d704,0.8256043272408871
0.0013029655495908688,2bfce0b9bdf1f2539d6fad112af743e2,/workspaces/midterm_sabina_bio/data/sketches_500.sig.zip,"NZ_CP110080.1 Buttiauxella sp. WJP83 chromosome, complete genome",data/sub/ill_1.fastq.gz,,fa77d704,0.8253263737223575
0.0012604618332156903,d98d7bf368ff0880c9e5edcf245056d1,/workspaces/midterm_sabina_bio/data/sketches_500.sig.zip,"NZ_CP033076.1 Buttiauxella sp. 3AFRM03 chromosome, complete genome",data/sub/ill_1.fastq.gz,,fa77d704,0.824445017471532
0.001243523316062176,5c4da5b6772ba0ea9eebdc756ba7b88d,/workspaces/midterm_sabina_bio/data/sketches_500.sig.zip,"NZ_CP009451.1 Cedecea neteri strain SSMD04 chromosome, complete genome",data/sub/ill_1.fastq.gz,,fa77d704,0.8240857298705235
0.0012205665463052434,f293c2810466aca06b35c68537ef0ce0,/workspaces/midterm_sabina_bio/data/sketches_500.sig.zip,"NZ_CP134767.1 Cedecea neteri strain A2 chromosome, complete genome",data/sub/ill_1.fastq.gz,,fa77d704,0.8235911431906144
0.0011951777177302016,df07d5380ee6a3d54b0a0f995c7c9cb8,/workspaces/midterm_sabina_bio/data/sketches_500.sig.zip,"NZ_LR134201.1 Cedecea lapagei strain NCTC11466 chromosome 1, complete sequence",data/sub/ill_1.fastq.gz,,fa77d704,0.8230335513956485
0.0011852004534679997,7c0b193de3c8f033646bfceb6a4d2d68,/workspaces/midterm_sabina_bio/data/sketches_500.sig.zip,"NZ_CP009458.1 Cedecea neteri strain M006 chromosome, complete genome",data/sub/ill_1.fastq.gz,,fa77d704,0.8228112825113288
0.0011082006850695145,acca8cfde945a4e3cadac5fce1b6338d,/workspaces/midterm_sabina_bio/data/sketches_500.sig.zip,"NZ_CP023525.1 Cedecea neteri strain FDAARGOS_392 chromosome, complete genome",data/sub/ill_1.fastq.gz,,fa77d704,0.8210322915064735
0.0009704027171276079,39ebae984ffa6e3f5877a705b6c68195,/workspaces/midterm_sabina_bio/data/sketches_500.sig.zip,"NZ_CP071409.1 [Pantoea] beijingensis strain JZB2120001 chromosome, complete genome",data/sub/ill_1.fastq.gz,,fa77d704,0.8175267276917574
0.0005641430666817105,4bfa7158c3bbe40dced5851f9448a440,/workspaces/midterm_sabina_bio/data/sketches_500.sig.zip,"NZ_CP044483.1 Acinetobacter schindleri strain HZE30-1 chromosome, complete genome",data/sub/ill_1.fastq.gz,,fa77d704,0.8033574932570491
0.0004933669553776998,a7beb444c1d2f4cf3594e4c2a70e6da4,/workspaces/midterm_sabina_bio/data/sketches_500.sig.zip,"NZ_CP029397.2 Acinetobacter defluvii strain WCHA30 chromosome, complete genome",data/sub/ill_1.fastq.gz,,fa77d704,0.7998928251566164
0.00048426150121065375,847960bfea28b37c6e263f3e081cf6d7,/workspaces/midterm_sabina_bio/data/sketches_500.sig.zip,"NZ_CP157432.1 Acinetobacter nosocomialis strain XH1679 chromosome, complete genome",data/sub/ill_1.fastq.gz,,fa77d704,0.7994125415170663
0.00045706450322801804,ebeac6e95a9b1d73720eb5988f9c4228,/workspaces/midterm_sabina_bio/data/sketches_500.sig.zip,"NZ_CP045198.1 Acinetobacter indicus strain TQ23 chromosome, complete genome",data/sub/ill_1.fastq.gz,,fa77d704,0.7979240987732403
0.0004501969611705121,ad4a7f7da534b5c287ff22e28038a5cd,/workspaces/midterm_sabina_bio/data/sketches_500.sig.zip,"NZ_CP130328.1 Acinetobacter variabilis strain TB2-2B chromosome, complete genome",data/sub/ill_1.fastq.gz,,fa77d704,0.7975346914759968
0.00041713843036767775,50fc1d56d90fed1da8b1ff84dce9cf04,/workspaces/midterm_sabina_bio/data/sketches_500.sig.zip,"NZ_CP038145.1 Actinobacillus indolicus strain AIFJ1607 chromosome, complete genome",data/sub/ill_1.fastq.gz,,fa77d704,0.7955758345876224
0.00039827036868456985,a4b329703600144c010fde01a606f40b,/workspaces/midterm_sabina_bio/data/sketches_500.sig.zip,"NZ_CP157435.1 Acinetobacter sp. XH1639 chromosome, complete genome",data/sub/ill_1.fastq.gz,,fa77d704,0.7943893058657713
0.0003906467994865785,d970ff72de1a23826433a8e1eda1694b,/workspaces/midterm_sabina_bio/data/sketches_500.sig.zip,"NZ_CP035934.2 Acinetobacter cumulans strain WCHAc060092 chromosome, complete genome",data/sub/ill_1.fastq.gz,,fa77d704,0.79389438523845
0.00038201266099104997,56edd5d5f6f64b9c6b4c307944a96416,/workspaces/midterm_sabina_bio/data/sketches_500.sig.zip,"NZ_CP031716.1 Acinetobacter wuhouensis strain WCHA60 chromosome, complete genome",data/sub/ill_1.fastq.gz,,fa77d704,0.7933224382651932
0.000289569699426652,31748f0fcf132aae5bd5d78bd8ac4af6,/workspaces/midterm_sabina_bio/data/sketches_500.sig.zip,"NZ_CP071766.1 Acinetobacter towneri strain GX3 chromosome, complete genome",data/sub/ill_1.fastq.gz,,fa77d704,0.7862661746170884
0.00021893814997263274,f74802df1ceade6f40458ebc44270ed0,/workspaces/midterm_sabina_bio/data/sketches_500.sig.zip,"NC_011992.1 [Acidovorax] ebreus TPSY, complete sequence",data/sub/ill_1.fastq.gz,,fa77d704,0.7792080510474076
0.0002166260492824262,23f2dc5aebe46f8a0eee22e69763feb7,/workspaces/midterm_sabina_bio/data/sketches_500.sig.zip,"NZ_CP045110.1 Acinetobacter baumannii strain ATCC 19606 chromosome, complete genome",data/sub/ill_1.fastq.gz,,fa77d704,0.7789412967281683
0.000200213561131874,adb2bcab99aa2ac36c80df93e2df1c94,/workspaces/midterm_sabina_bio/data/sketches_500.sig.zip,"NC_015735.1 Candidatus Moranella endobia PCIT, complete sequence",data/sub/ill_1.fastq.gz,,fa77d704,0.7769645049100381
0.00020012007204322593,407529eb6cd1403cf6e0cd8bc60009e6,/workspaces/midterm_sabina_bio/data/sketches_500.sig.zip,"NC_021057.1 Candidatus Moranella endobia PCVAL, complete sequence",data/sub/ill_1.fastq.gz,,fa77d704,0.7769528013458009
0.00014369192451384232,560f29d2f258490f9bd013f8f2e0c58d,/workspaces/midterm_sabina_bio/data/sketches_500.sig.zip,"NZ_CP025030.1 Achromobacter spanius strain DSM 23806 chromosome, complete genome",data/sub/ill_1.fastq.gz,,fa77d704,0.7686963825830965
0.00012320581531448285,6f6120af701196b4345f38ec57ef630f,/workspaces/midterm_sabina_bio/data/sketches_500.sig.zip,"NZ_CP016303.1 Candidatus Hamiltonella defensa (Bemisia tabaci) strain MEAM1 chromosome, complete genome",data/sub/ill_1.fastq.gz,,fa77d704,0.7648922283807776
0.00012139605462822458,1e2681b3127a41783f6e8abdd943f17c,/workspaces/midterm_sabina_bio/data/sketches_500.sig.zip,NZ_OZ026471.1 Candidatus Hamiltonella endosymbiont of Tuberolachnus salignus isolate eee46e84-88ba-4997-9627-ba9a3c08c7b3 chromosome 1,data/sub/ill_1.fastq.gz,,fa77d704,0.7645272382654814
0.00011695906432748539,95554c7ea6a6f47c53aed1880966a2b2,/workspaces/midterm_sabina_bio/data/sketches_500.sig.zip,"NZ_OZ026542.1 Candidatus Regiella endosymbiont of Tuberolachnus salignus isolate 50df7a5c-45bd-4916-af13-c11c5892e7e1 chromosome 1, complete sequence",data/sub/ill_1.fastq.gz,,fa77d704,0.7636096181555894
9.884353069091628e-05,2276fcfb4950a2837bf890201253bb8e,/workspaces/midterm_sabina_bio/data/sketches_500.sig.zip,"NZ_CP123364.1 Achromobacter mucicolens strain Y3 chromosome, complete genome",data/sub/ill_1.fastq.gz,,fa77d704,0.7594759793804263
9.564344125101621e-05,51a5d9b39aa6dd34da4b0df81a5f9d98,/workspaces/midterm_sabina_bio/data/sketches_500.sig.zip,"NZ_LR134361.1 Achromobacter insolitus strain NCTC13520 chromosome 1, complete sequence",data/sub/ill_1.fastq.gz,,fa77d704,0.7586701920640148
9.523356030665207e-05,ac617955baaf29df7f9d8684f0632682,/workspaces/midterm_sabina_bio/data/sketches_500.sig.zip,"NZ_CP148753.1 Achromobacter veterisilvae strain AB1 chromosome, complete genome",data/sub/ill_1.fastq.gz,,fa77d704,0.7585651037104664
9.413979759943516e-05,3a5d321a33b169990d058ce73208ef1f,/workspaces/midterm_sabina_bio/data/sketches_500.sig.zip,"NZ_CP053987.1 Achromobacter denitrificans strain FDAARGOS_786 chromosome, complete genome",data/sub/ill_1.fastq.gz,,fa77d704,0.7582825193008448
9.342301943198804e-05,5d1f569af92bde395712e2ae47412df8,/workspaces/midterm_sabina_bio/data/sketches_500.sig.zip,"NZ_CP132976.1 Achromobacter seleniivolatilans strain R39 chromosome, complete genome",data/sub/ill_1.fastq.gz,,fa77d704,0.7580956038410378
6.738090425173506e-05,035305b21cdace15c0debe22ae3467b6,/workspaces/midterm_sabina_bio/data/sketches_500.sig.zip,"NZ_CP045876.1 Candidatus Annandia pinicola isolate Ad13-065 chromosome, complete genome",data/sub/ill_1.fastq.gz,,fa77d704,0.7501469937908466
6.721333512568894e-05,ed29e1a19b78ea97c84298d5e17a6675,/workspaces/midterm_sabina_bio/data/sketches_500.sig.zip,"NZ_LN999831.1 Candidatus Mikella endobia isolate MEPMAR chromosome I, complete sequence",data/sub/ill_1.fastq.gz,,fa77d704,0.7500867467437974
6.691201070592172e-05,afd5dd2c1ddeb97c92dc8e64fe845b4d,/workspaces/midterm_sabina_bio/data/sketches_500.sig.zip,"NZ_CP028374.1 Candidatus Purcelliella pentastirinorum strain OLIH chromosome, complete genome",data/sub/ill_1.fastq.gz,,fa77d704,0.7499780432748302
6.68359844940516e-05,0da6f9fb42d7fac3ec107badcf6ddb9e,/workspaces/midterm_sabina_bio/data/sketches_500.sig.zip,"NZ_CP110498.1 Candidatus Purcelliella pentastirinorum isolate OFIL2 chromosome, complete genome",data/sub/ill_1.fastq.gz,,fa77d704,0.7499505418013398
6.683151774376797e-05,1f534352d833c5f71dc972f8c8c7a710,/workspaces/midterm_sabina_bio/data/sketches_500.sig.zip,"NZ_CP110499.1 Candidatus Purcelliella pentastirinorum isolate OFIL1 chromosome, complete genome",data/sub/ill_1.fastq.gz,,fa77d704,0.7499489250721726
6.676013084985647e-05,7aaed1ef67c674eb74a218f8ce45a326,/workspaces/midterm_sabina_bio/data/sketches_500.sig.zip,"NZ_CP110496.1 Candidatus Purcelliella pentastirinorum isolate OPOL2 chromosome, complete genome",data/sub/ill_1.fastq.gz,,fa77d704,0.7499230725622792
6.671559143371805e-05,5e38d238d62aa6234e7ba326cc78452b,/workspaces/midterm_sabina_bio/data/sketches_500.sig.zip,"NZ_CP110497.1 Candidatus Purcelliella pentastirinorum isolate OPOL1 chromosome, complete genome",data/sub/ill_1.fastq.gz,,fa77d704,0.7499069292140129
6.656460094521733e-05,1bc195cfa86fa494690e398259f19099,/workspaces/midterm_sabina_bio/data/sketches_500.sig.zip,"NZ_LN774881.1 Candidatus Westeberhardia cardiocondylae strain obscurior isolate BR-alpha chromosome I, complete sequence",data/sub/ill_1.fastq.gz,,fa77d704,0.7498521248650449
6.623832549513148e-05,32c39ea16b096adf8f26b02927efd6c4,/workspaces/midterm_sabina_bio/data/sketches_500.sig.zip,"NZ_CP074100.1 Candidatus Schneideria nysicola isolate NT chromosome, complete genome",data/sub/ill_1.fastq.gz,,fa77d704,0.7497332860531817
6.619009796134498e-05,d477555b76f35b416e4e56762e114f62,/workspaces/midterm_sabina_bio/data/sketches_500.sig.zip,NZ_CP074435.1 Candidatus Schneideria nysicola isolate NR chromosome,data/sub/ill_1.fastq.gz,,fa77d704,0.7497156721704042
6.617695718350871e-05,f7eb043dbd406266152afc26a7ac2876,/workspaces/midterm_sabina_bio/data/sketches_500.sig.zip,"NZ_CP074374.1 Candidatus Schneideria nysicola isolate NB chromosome, complete genome",data/sub/ill_1.fastq.gz,,fa77d704,0.7497108706815406
6.596306068601583e-05,d1b2c17a3939b6eaabe14574ea8f2b5b,/workspaces/midterm_sabina_bio/data/sketches_500.sig.zip,"NZ_LN999835.1 Candidatus Hoaglandella endobia isolate HETPER chromosome I, complete sequence",data/sub/ill_1.fastq.gz,,fa77d704,0.7496325853432402
6.58718134510243e-05,729b094ffb60a527924cb07b2e5336d3,/workspaces/midterm_sabina_bio/data/sketches_500.sig.zip,"NZ_CP046533.1 Blochmannia endosymbiont of Colobopsis nipponica isolate CNIPBac chromosome, complete genome",data/sub/ill_1.fastq.gz,,fa77d704,0.7495991144032282
6.572893387669252e-05,b0e8d82d33fbac5f9d4c11196333275b,/workspaces/midterm_sabina_bio/data/sketches_500.sig.zip,"NZ_CP011793.1 Blochmannia endosymbiont of Camponotus pudorosus strain 544 voucher CASENT0220371 chromosome, complete genome",data/sub/ill_1.fastq.gz,,fa77d704,0.7495466136487594
6.569438969911969e-05,140d792041c5e5e7cf28546e953fc79e,/workspaces/midterm_sabina_bio/data/sketches_500.sig.zip,"NZ_CP010048.1 Blochmannia endosymbiont of Polyrhachis (Hedomyrma) turneri strain 675 voucher UCD:CASENT0220426 chromosome, complete genome",data/sub/ill_1.fastq.gz,,fa77d704,0.7495339038945936
6.5603883749918e-05,8ba70513c7666eddd325977988a33605,/workspaces/midterm_sabina_bio/data/sketches_500.sig.zip,"NZ_AP014521.1 Candidatus Tachikawaea gelatinosa strain UwTKB chromosome, complete genome",data/sub/ill_1.fastq.gz,,fa77d704,0.7495005735657378
6.559527714004592e-05,098725989733271c3c8f7fc370f9d1dc,/workspaces/midterm_sabina_bio/data/sketches_500.sig.zip,"NZ_CP097762.1 Candidatus Blochmannia ocreatus (nom. nud.) strain C-006 chromosome, complete genome",data/sub/ill_1.fastq.gz,,fa77d704,0.7494974017209713
6.553509404285995e-05,21fee983bd83bca41279ab0023f95070,/workspaces/midterm_sabina_bio/data/sketches_500.sig.zip,"NZ_CP011796.1 Candidatus Blochmannia sayi (nom. nud.) strain 582 voucher CASENT0220422 chromosome, complete genome",data/sub/ill_1.fastq.gz,,fa77d704,0.749475210826692
6.552650547146321e-05,e1c911b50e24cea20f70d753a840119b,/workspaces/midterm_sabina_bio/data/sketches_500.sig.zip,"NC_014909.2 Candidatus Blochmanniella vafra str. BVAF, complete sequence",data/sub/ill_1.fastq.gz,,fa77d704,0.7494720424145781
6.548788474132285e-05,8fe557be4ee32662fc8d931ab0b3c92e,/workspaces/midterm_sabina_bio/data/sketches_500.sig.zip,"NZ_CP097765.1 Blochmannia endosymbiont of Camponotus modoc strain C-002 chromosome, complete genome",data/sub/ill_1.fastq.gz,,fa77d704,0.7494577898619399
6.547930853850184e-05,83b81725c70fb43142958feeafeb3e8a,/workspaces/midterm_sabina_bio/data/sketches_500.sig.zip,"NC_020075.1 Candidatus Blochmanniella chromaiodes str. 640, complete sequence",data/sub/ill_1.fastq.gz,,fa77d704,0.7494546238055352
6.544502617801048e-05,135e7690bf7be2bd145b1a59a97ddbd3,/workspaces/midterm_sabina_bio/data/sketches_500.sig.zip,"NZ_CP010049.1 Blochmannia endosymbiont of Camponotus (Colobopsis) obliquus strain 757 chromosome, complete genome",data/sub/ill_1.fastq.gz,,fa77d704,0.7494419638581812
6.54407434068451e-05,19906965506d1902f7ef2a38ee232517,/workspaces/midterm_sabina_bio/data/sketches_500.sig.zip,"NZ_CP095401.1 Candidatus Blochmanniella pennsylvanica isolate B_Penn7 chromosome, complete genome",data/sub/ill_1.fastq.gz,,fa77d704,0.7494403818458321
6.542361792607131e-05,021c1232364bc07041cec86813975826,/workspaces/midterm_sabina_bio/data/sketches_500.sig.zip,"NC_007292.1 Candidatus Blochmanniella pennsylvanica str. BPEN, complete sequence",data/sub/ill_1.fastq.gz,,fa77d704,0.7494340548648641
6.540650140623977e-05,27da2a2cdea70a0415c50472d91cf423,/workspaces/midterm_sabina_bio/data/sketches_500.sig.zip,"NZ_CP097760.1 Blochmannia endosymbiont of Camponotus sp. strain C-016 chromosome, complete genome",data/sub/ill_1.fastq.gz,,fa77d704,0.7494277295927004
6.540650140623977e-05,b51c1debec33ca46576b207b5f8dfd5b,/workspaces/midterm_sabina_bio/data/sketches_500.sig.zip,"NZ_CP046534.1 Blochmannia endosymbiont of Camponotus nipponensis isolate CNIEBac chromosome, complete genome",data/sub/ill_1.fastq.gz,,fa77d704,0.7494277295927004
6.540650140623977e-05,8ef7ffdffd3acba02803a56feb18c49a,/workspaces/midterm_sabina_bio/data/sketches_500.sig.zip,"NZ_CP097750.1 Candidatus Blochmanniella camponoti strain C-050 chromosome, complete genome",data/sub/ill_1.fastq.gz,,fa77d704,0.7494277295927004
6.539366989275438e-05,91e5a961fd6de5842a7765d478aa504b,/workspaces/midterm_sabina_bio/data/sketches_500.sig.zip,"NZ_CP011795.1 Candidatus Blochmannia sansabeanus (nom. nud.) strain 602 voucher CASENT0220389 chromosome, complete genome",data/sub/ill_1.fastq.gz,,fa77d704,0.749422986759434
6.539366989275438e-05,eb5be529e637c017a66f8a3b54570217,/workspaces/midterm_sabina_bio/data/sketches_500.sig.zip,"NZ_CP097758.1 Blochmannia endosymbiont of Camponotus modoc strain C-019 chromosome, complete genome",data/sub/ill_1.fastq.gz,,fa77d704,0.749422986759434
6.53893938403191e-05,9da5b0c776a6f64d2ab09593e922c0b6,/workspaces/midterm_sabina_bio/data/sketches_500.sig.zip,"NZ_CP097751.1 Candidatus Blochmanniella camponoti strain C-049 chromosome, complete genome",data/sub/ill_1.fastq.gz,,fa77d704,0.7494214060284325
6.53893938403191e-05,84342c36c58b004f28623e4dc4d4860f,/workspaces/midterm_sabina_bio/data/sketches_500.sig.zip,"NZ_CP097754.1 Blochmannia endosymbiont of Camponotus modoc strain C-036 chromosome, complete genome",data/sub/ill_1.fastq.gz,,fa77d704,0.7494214060284325
6.538084341288002e-05,0a86c63a07a8cae23659a94ac66b4c63,/workspaces/midterm_sabina_bio/data/sketches_500.sig.zip,"NZ_CP097761.1 Blochmannia endosymbiont of Camponotus sp. strain C-010 chromosome, complete genome",data/sub/ill_1.fastq.gz,,fa77d704,0.7494182448864759
6.537229522128521e-05,477988be96956423fecc3bdd6a230b86,/workspaces/midterm_sabina_bio/data/sketches_500.sig.zip,"NZ_CP097755.1 Blochmannia endosymbiont of Camponotus sp. strain C-029 chromosome, complete genome",data/sub/ill_1.fastq.gz,,fa77d704,0.7494150841711528
6.535947712418301e-05,daf0f9c790e49de7c144b43bba6330da,/workspaces/midterm_sabina_bio/data/sketches_500.sig.zip,"NZ_CP097753.1 Candidatus Blochmannia vicinus (nom. nud.) strain C-039 chromosome, complete genome",data/sub/ill_1.fastq.gz,,fa77d704,0.7494103438978584
6.535947712418301e-05,9ca4b21f8d511a2be9f6ac3c0051e9f2,/workspaces/midterm_sabina_bio/data/sketches_500.sig.zip,"NZ_CP097763.1 Candidatus Blochmannia vicinus (nom. nud.) strain C-005 chromosome, complete genome",data/sub/ill_1.fastq.gz,,fa77d704,0.7494103438978584
6.535947712418301e-05,369d51c2ed3ebd19ecafc2d4fa1cd5d6,/workspaces/midterm_sabina_bio/data/sketches_500.sig.zip,"NZ_CP097756.1 Candidatus Blochmannia vicinus (nom. nud.) strain C-028 chromosome, complete genome",data/sub/ill_1.fastq.gz,,fa77d704,0.7494103438978584
6.533812479581836e-05,4268921dc5301e25d8919d8369235bea,/workspaces/midterm_sabina_bio/data/sketches_500.sig.zip,"NZ_CP097749.1 Candidatus Blochmanniella camponoti strain C-056 chromosome, complete genome",data/sub/ill_1.fastq.gz,,fa77d704,0.7494024455739309
6.533812479581836e-05,391f28a1c50b4b9e33812e7698b9393b,/workspaces/midterm_sabina_bio/data/sketches_500.sig.zip,"NZ_CP097759.1 Blochmannia endosymbiont of Camponotus sp. strain C-018 chromosome, complete genome",data/sub/ill_1.fastq.gz,,fa77d704,0.7494024455739309
6.531252041016262e-05,331df8db6bf4fb44aa2ac1a3cb605eb4,/workspaces/midterm_sabina_bio/data/sketches_500.sig.zip,"NZ_CP011794.1 Blochmannia endosymbiont of Camponotus quercicola strain 539 voucher CASENT0220226 chromosome, complete genome",data/sub/ill_1.fastq.gz,,fa77d704,0.7493929711001183
6.530825496342738e-05,62a102a4be09245e585e14c329a046c3,/workspaces/midterm_sabina_bio/data/sketches_500.sig.zip,"NZ_CP097757.1 Blochmannia endosymbiont of Camponotus sp. strain C-024 chromosome, complete genome",data/sub/ill_1.fastq.gz,,fa77d704,0.7493913923937441
6.52613717940351e-05,f30619dfa61600547efb44a91015dd3a,/workspaces/midterm_sabina_bio/data/sketches_500.sig.zip,"NZ_CP144371.1 Candidatus Blochmannia sp. SNP chromosome, complete genome",data/sub/ill_1.fastq.gz,,fa77d704,0.7493740336441043
6.524859715516116e-05,b1d0a3f5c8684a7638b3406f31f918d1,/workspaces/midterm_sabina_bio/data/sketches_500.sig.zip,"NZ_CP097764.1 Blochmannia endosymbiont of Camponotus sp. C-003 chromosome, complete genome",data/sub/ill_1.fastq.gz,,fa77d704,0.7493693016719639
6.524434005350036e-05,89bb483ed962a18ff1726dae786507f7,/workspaces/midterm_sabina_bio/data/sketches_500.sig.zip,"NZ_CP097752.1 Blochmannia endosymbiont of Camponotus sp. C-046 chromosome, complete genome",data/sub/ill_1.fastq.gz,,fa77d704,0.7493677245603768
6.515931452401121e-05,8a8a1a179495f0a04a6f06cc09d10050,/workspaces/midterm_sabina_bio/data/sketches_500.sig.zip,"NZ_CP011792.1 Candidatus Blochmannia americanus (nom. nud.) strain 462 voucher CASENT0220290 chromosome, complete genome",data/sub/ill_1.fastq.gz,,fa77d704,0.7493362046132646
6.505334374186833e-05,cc5fb19d288bc773ba9ca1c5a35a261f,/workspaces/midterm_sabina_bio/data/sketches_500.sig.zip,"NZ_LN999833.1 Candidatus Doolittlea endobia isolate DEMHIR chromosome I, complete sequence",data/sub/ill_1.fastq.gz,,fa77d704,0.7492968642492777
6.453694740238787e-05,681157a83015f5a948dcca4528e6ad65,/workspaces/midterm_sabina_bio/data/sketches_500.sig.zip,"NZ_LN999832.1 Candidatus Gullanella endobia isolate GEFVIR chromosome I, complete sequence",data/sub/ill_1.fastq.gz,,fa77d704,0.7491042664834204
6.412311638345624e-05,5d4b8f1295d00f220ce6591d89ea4bfb,/workspaces/midterm_sabina_bio/data/sketches_500.sig.zip,"NZ_OZ193413.1 Candidatus Curculioniphilus buchneri endosymbiont of Curculio glandium isolate 6e1ca57e-09da-49ce-bd0a-402a6b7c547f chromosome 1, complete sequence",data/sub/ill_1.fastq.gz,,fa77d704,0.748948842386258
6.332721170286872e-05,ee5ecc517d7a45b75da7f070202a2d76,/workspaces/midterm_sabina_bio/data/sketches_500.sig.zip,"NZ_LR890047.1 Candidatus Profftia tarda isolate PROFFT chromosome 1, complete sequence",data/sub/ill_1.fastq.gz,,fa77d704,0.7486471731328195
6.290890790135883e-05,89f8b59cb082cb80ac67152b17cd85c0,/workspaces/midterm_sabina_bio/data/sketches_500.sig.zip,"NZ_CP047043.1 Candidatus Gillettellia adelgis isolate 19-005 chromosome, complete genome",data/sub/ill_1.fastq.gz,,fa77d704,0.7484871504947811
6.151574803149606e-05,5b15672ab1a244003305d257f474c1cd,/workspaces/midterm_sabina_bio/data/sketches_500.sig.zip,"NZ_LR134510.1 Actinobacillus delphinicola strain NCTC12871 chromosome 1, complete sequence",data/sub/ill_1.fastq.gz,,fa77d704,0.7479466682360952
5.943183168905266e-05,56a9db4191ba139d0041c6be95ce810b,/workspaces/midterm_sabina_bio/data/sketches_500.sig.zip,"NZ_LR134310.1 Actinobacillus equuli strain NCTC8529 chromosome 1, complete sequence",data/sub/ill_1.fastq.gz,,fa77d704,0.7471156751995688
5.567618729469406e-05,aebcd2c2efb5051a65027f192c08e9ed,/workspaces/midterm_sabina_bio/data/sketches_500.sig.zip,"NZ_CP017415.1 Acidihalobacter yilgarnensis strain F5 chromosome, complete genome",data/sub/ill_1.fastq.gz,,fa77d704,0.7455442016308208
5.2463144640889776e-05,ccdf1b4ae447fa8d81928f60031cc6d2,/workspaces/midterm_sabina_bio/data/sketches_500.sig.zip,"NZ_CP066119.1 Acinetobacter bereziniae strain GD03185 chromosome, complete genome",data/sub/ill_1.fastq.gz,,fa77d704,0.7441160885522672
4.679457182966776e-05,8f77ef59893f9ff6a382d4d4fb6b9fd2,/workspaces/midterm_sabina_bio/data/sketches_500.sig.zip,"NZ_CP068211.1 Achromobacter xylosoxidans strain FDAARGOS_1091 chromosome, complete genome",data/sub/ill_1.fastq.gz,,fa77d704,0.7413766026222738
